kernel,distribution,size_bytes,candidate,correct,median_ns,min_ns,mad_ns,ci_lo_ns,ci_hi_ns,cycles_per_elem,speedup_vs_orig
k18_all_equal,all_equal,16,orig,1,1.5,1.5,0.0,1.5,1.6,0.30,1.000
k18_all_equal,all_equal,16,scalar,1,1.3,1.2,0.0,1.2,1.4,0.26,0.884
k18_all_equal,all_equal,16,chunked,1,1.3,1.3,0.0,1.3,1.4,0.26,0.886
k18_all_equal,all_equal,16,sse2,1,1.4,1.3,0.0,1.3,1.6,0.29,0.971
k18_all_equal,all_equal,16,avx2,1,1.4,1.3,0.0,1.3,1.5,0.27,0.924
k18_all_equal,all_equal,16,multi,1,1.3,1.3,0.0,1.3,1.4,0.26,0.880
k18_all_equal,all_equal,17,orig,1,1.5,1.4,0.0,1.4,1.6,0.27,1.000
k18_all_equal,all_equal,17,scalar,1,1.3,1.3,0.0,1.3,2.2,0.25,0.927
k18_all_equal,all_equal,17,chunked,1,1.3,1.3,0.0,1.3,1.4,0.25,0.899
k18_all_equal,all_equal,17,sse2,1,1.5,1.4,0.0,1.4,1.7,0.28,1.020
k18_all_equal,all_equal,17,avx2,1,1.2,1.1,0.1,1.1,1.3,0.23,0.825
k18_all_equal,all_equal,17,multi,1,1.3,1.3,0.0,1.3,1.4,0.25,0.905
k18_all_equal,all_equal,31,orig,1,3.6,3.5,0.0,3.5,3.7,0.37,1.000
k18_all_equal,all_equal,31,scalar,1,1.4,1.3,0.0,1.3,1.5,0.14,0.373
k18_all_equal,all_equal,31,chunked,1,1.3,1.3,0.0,1.3,1.4,0.14,0.371
k18_all_equal,all_equal,31,sse2,1,1.4,1.3,0.1,1.3,1.6,0.14,0.379
k18_all_equal,all_equal,31,avx2,1,1.0,1.0,0.0,1.0,1.2,0.10,0.280
k18_all_equal,all_equal,31,multi,1,1.4,1.3,0.0,1.3,1.4,0.14,0.373
k18_all_equal,all_equal,32,orig,1,1.9,1.9,0.0,1.9,1.9,0.19,1.000
k18_all_equal,all_equal,32,scalar,1,1.3,1.3,0.0,1.3,1.4,0.13,0.700
k18_all_equal,all_equal,32,chunked,1,1.3,1.3,0.0,1.3,1.4,0.13,0.703
k18_all_equal,all_equal,32,sse2,1,1.3,1.3,0.0,1.3,1.4,0.13,0.719
k18_all_equal,all_equal,32,avx2,1,1.4,1.2,0.1,1.2,1.5,0.14,0.733
k18_all_equal,all_equal,32,multi,1,1.5,1.3,0.1,1.3,2.0,0.15,0.785
k18_all_equal,all_equal,33,orig,1,2.0,1.9,0.0,1.9,2.0,0.19,1.000
k18_all_equal,all_equal,33,scalar,1,1.3,1.3,0.0,1.3,1.4,0.13,0.663
k18_all_equal,all_equal,33,chunked,1,1.3,1.3,0.0,1.3,1.5,0.13,0.667
k18_all_equal,all_equal,33,sse2,1,1.3,1.3,0.0,1.3,1.6,0.13,0.673
k18_all_equal,all_equal,33,avx2,1,1.3,1.0,0.1,1.0,1.5,0.12,0.644
k18_all_equal,all_equal,33,multi,1,1.3,1.3,0.0,1.3,1.5,0.13,0.669
k18_all_equal,all_equal,63,orig,1,4.5,4.4,0.0,4.4,4.7,0.23,1.000
k18_all_equal,all_equal,63,scalar,1,1.5,1.4,0.0,1.4,1.5,0.07,0.322
k18_all_equal,all_equal,63,chunked,1,1.3,1.3,0.0,1.3,1.5,0.07,0.298
k18_all_equal,all_equal,63,sse2,1,1.4,1.3,0.0,1.3,1.5,0.07,0.311
k18_all_equal,all_equal,63,avx2,1,1.3,1.2,0.0,1.2,1.4,0.06,0.281
k18_all_equal,all_equal,63,multi,1,1.4,1.3,0.0,1.3,1.5,0.07,0.303
k18_all_equal,all_equal,64,orig,1,3.5,3.5,0.0,3.5,3.6,0.18,1.000
k18_all_equal,all_equal,64,scalar,1,1.5,1.4,0.0,1.4,2.7,0.07,0.416
k18_all_equal,all_equal,64,chunked,1,1.3,1.3,0.0,1.3,1.8,0.07,0.377
k18_all_equal,all_equal,64,sse2,1,1.3,1.3,0.0,1.3,1.4,0.07,0.369
k18_all_equal,all_equal,64,avx2,1,1.3,1.2,0.0,1.2,1.4,0.07,0.377
k18_all_equal,all_equal,64,multi,1,1.3,1.3,0.0,1.3,1.5,0.07,0.372
k18_all_equal,all_equal,65,orig,1,3.5,3.5,0.0,3.5,3.6,0.17,1.000
k18_all_equal,all_equal,65,scalar,1,1.4,1.4,0.0,1.4,1.5,0.07,0.408
k18_all_equal,all_equal,65,chunked,1,1.5,1.3,0.0,1.3,1.5,0.07,0.420
k18_all_equal,all_equal,65,sse2,1,1.4,1.3,0.0,1.3,1.5,0.07,0.399
k18_all_equal,all_equal,65,avx2,1,1.4,1.3,0.0,1.3,1.5,0.07,0.401
k18_all_equal,all_equal,65,multi,1,1.4,1.3,0.0,1.3,1.5,0.07,0.398
k18_all_equal,all_equal,256,orig,1,13.3,13.1,0.1,13.1,13.5,0.17,1.000
k18_all_equal,all_equal,256,scalar,1,3.2,3.1,0.0,3.1,3.3,0.04,0.238
k18_all_equal,all_equal,256,chunked,1,1.6,1.6,0.0,1.6,1.7,0.02,0.121
k18_all_equal,all_equal,256,sse2,1,1.4,1.4,0.0,1.4,1.5,0.02,0.108
k18_all_equal,all_equal,256,avx2,1,1.4,1.4,0.1,1.4,1.6,0.02,0.107
k18_all_equal,all_equal,256,multi,1,1.4,1.4,0.0,1.4,1.5,0.02,0.107
k18_all_equal,all_equal,4096,orig,1,207.4,207.1,0.2,207.1,209.0,0.16,1.000
k18_all_equal,all_equal,4096,scalar,1,409.8,409.0,0.3,409.0,415.0,0.32,1.976
k18_all_equal,all_equal,4096,chunked,1,75.2,74.8,0.2,74.8,77.1,0.06,0.363
k18_all_equal,all_equal,4096,sse2,1,34.2,34.0,0.1,34.0,34.7,0.03,0.165
k18_all_equal,all_equal,4096,avx2,1,21.8,21.7,0.1,21.7,22.1,0.02,0.105
k18_all_equal,all_equal,4096,multi,1,23.9,23.8,0.0,23.8,24.7,0.02,0.115
k18_all_equal,all_equal,65536,orig,1,3306.6,3296.2,6.2,3296.2,3332.7,0.16,1.000
k18_all_equal,all_equal,65536,scalar,1,12359.2,12345.8,7.2,12345.8,12450.7,0.60,3.738
k18_all_equal,all_equal,65536,chunked,1,2104.4,2099.2,2.7,2099.2,2329.5,0.10,0.636
k18_all_equal,all_equal,65536,sse2,1,835.6,833.5,0.8,833.5,866.6,0.04,0.253
k18_all_equal,all_equal,65536,avx2,1,600.7,599.3,0.5,599.3,608.9,0.03,0.182
k18_all_equal,all_equal,65536,multi,1,601.5,599.6,0.9,599.6,606.6,0.03,0.182
k18_all_equal,mismatch_first,16,orig,1,1.5,1.4,0.0,1.4,1.5,0.30,1.000
k18_all_equal,mismatch_first,16,scalar,1,4.1,4.1,0.0,4.1,4.2,0.81,2.750
k18_all_equal,mismatch_first,16,chunked,1,3.5,3.5,0.0,3.5,3.7,0.71,2.390
k18_all_equal,mismatch_first,16,sse2,1,1.4,1.3,0.0,1.3,1.6,0.27,0.925
k18_all_equal,mismatch_first,16,avx2,1,1.4,1.4,0.0,1.4,1.5,0.27,0.920
k18_all_equal,mismatch_first,16,multi,1,4.1,4.1,0.0,4.1,4.2,0.81,2.749
k18_all_equal,mismatch_first,17,orig,1,1.5,1.4,0.0,1.4,1.6,0.27,1.000
k18_all_equal,mismatch_first,17,scalar,1,4.3,4.3,0.0,4.3,4.4,0.80,2.935
k18_all_equal,mismatch_first,17,chunked,1,3.8,3.7,0.0,3.7,3.9,0.71,2.591
k18_all_equal,mismatch_first,17,sse2,1,1.4,1.4,0.0,1.4,1.4,0.26,0.935
k18_all_equal,mismatch_first,17,avx2,1,1.5,1.5,0.0,1.5,1.6,0.29,1.068
k18_all_equal,mismatch_first,17,multi,1,4.3,4.3,0.0,4.3,4.3,0.80,2.935
k18_all_equal,mismatch_first,31,orig,1,3.6,3.5,0.0,3.5,3.7,0.37,1.000
k18_all_equal,mismatch_first,31,scalar,1,7.1,7.0,0.1,7.0,8.2,0.73,1.953
k18_all_equal,mismatch_first,31,chunked,1,4.3,4.2,0.1,4.2,4.5,0.44,1.183
k18_all_equal,mismatch_first,31,sse2,1,4.4,4.4,0.0,4.4,4.5,0.46,1.229
k18_all_equal,mismatch_first,31,avx2,1,4.6,4.6,0.0,4.6,4.8,0.48,1.283
k18_all_equal,mismatch_first,31,multi,1,7.0,7.0,0.0,7.0,7.1,0.72,1.935
k18_all_equal,mismatch_first,32,orig,1,1.9,1.9,0.0,1.9,1.9,0.19,1.000
k18_all_equal,mismatch_first,32,scalar,1,7.2,7.2,0.0,7.2,7.4,0.72,3.882
k18_all_equal,mismatch_first,32,chunked,1,4.3,4.2,0.0,4.2,4.5,0.43,2.293
k18_all_equal,mismatch_first,32,sse2,1,1.4,1.4,0.0,1.4,1.5,0.14,0.730
k18_all_equal,mismatch_first,32,avx2,1,1.4,1.4,0.0,1.4,1.4,0.14,0.730
k18_all_equal,mismatch_first,32,multi,1,1.6,1.5,0.0,1.5,1.7,0.16,0.865
k18_all_equal,mismatch_first,33,orig,1,2.0,2.0,0.0,2.0,2.1,0.19,1.000
k18_all_equal,mismatch_first,33,scalar,1,7.4,7.3,0.1,7.3,8.4,0.72,3.704
k18_all_equal,mismatch_first,33,chunked,1,4.3,4.3,0.0,4.3,4.7,0.42,2.160
k18_all_equal,mismatch_first,33,sse2,1,1.6,1.6,0.0,1.6,1.7,0.15,0.776
k18_all_equal,mismatch_first,33,avx2,1,1.6,1.5,0.0,1.5,1.7,0.15,0.774
k18_all_equal,mismatch_first,33,multi,1,1.6,1.5,0.0,1.5,1.7,0.15,0.782
k18_all_equal,mismatch_first,63,orig,1,4.5,4.4,0.1,4.4,4.7,0.23,1.000
k18_all_equal,mismatch_first,63,scalar,1,18.5,18.4,0.0,18.4,19.2,0.94,4.145
k18_all_equal,mismatch_first,63,chunked,1,4.9,4.9,0.0,4.9,5.1,0.25,1.094
k18_all_equal,mismatch_first,63,sse2,1,5.4,5.4,0.0,5.4,5.6,0.28,1.216
k18_all_equal,mismatch_first,63,avx2,1,4.9,4.8,0.0,4.8,5.0,0.25,1.088
k18_all_equal,mismatch_first,63,multi,1,4.8,4.8,0.0,4.8,5.0,0.25,1.083
k18_all_equal,mismatch_first,64,orig,1,3.5,3.5,0.0,3.5,3.5,0.17,1.000
k18_all_equal,mismatch_first,64,scalar,1,17.6,17.4,0.1,17.4,17.7,0.88,5.084
k18_all_equal,mismatch_first,64,chunked,1,4.9,4.9,0.0,4.9,5.1,0.25,1.425
k18_all_equal,mismatch_first,64,sse2,1,2.5,2.5,0.0,2.5,2.6,0.12,0.715
k18_all_equal,mismatch_first,64,avx2,1,1.6,1.6,0.0,1.6,1.7,0.08,0.451
k18_all_equal,mismatch_first,64,multi,1,1.7,1.7,0.0,1.7,1.8,0.09,0.505
k18_all_equal,mismatch_first,65,orig,1,3.5,3.4,0.0,3.4,4.1,0.17,1.000
k18_all_equal,mismatch_first,65,scalar,1,17.9,17.7,0.1,17.7,19.9,0.88,5.169
k18_all_equal,mismatch_first,65,chunked,1,5.1,5.1,0.0,5.1,5.3,0.25,1.478
k18_all_equal,mismatch_first,65,sse2,1,2.7,2.7,0.0,2.7,2.8,0.13,0.766
k18_all_equal,mismatch_first,65,avx2,1,1.8,1.7,0.0,1.7,2.0,0.09,0.505
k18_all_equal,mismatch_first,65,multi,1,1.7,1.7,0.0,1.7,2.8,0.09,0.504
k18_all_equal,mismatch_first,256,orig,1,13.4,13.1,0.2,13.1,14.4,0.17,1.000
k18_all_equal,mismatch_first,256,scalar,1,56.3,55.9,0.2,55.9,57.4,0.70,4.208
k18_all_equal,mismatch_first,256,chunked,1,9.7,9.5,0.2,9.5,10.0,0.12,0.724
k18_all_equal,mismatch_first,256,sse2,1,4.5,4.5,0.0,4.5,4.7,0.06,0.339
k18_all_equal,mismatch_first,256,avx2,1,3.2,3.2,0.0,3.2,3.3,0.04,0.239
k18_all_equal,mismatch_first,256,multi,1,3.4,3.4,0.0,3.4,3.5,0.04,0.253
k18_all_equal,mismatch_first,4096,orig,1,207.8,207.4,0.3,207.4,209.1,0.16,1.000
k18_all_equal,mismatch_first,4096,scalar,1,804.0,800.8,2.4,800.8,815.4,0.63,3.870
k18_all_equal,mismatch_first,4096,chunked,1,141.2,140.9,0.2,140.9,141.6,0.11,0.680
k18_all_equal,mismatch_first,4096,sse2,1,59.2,59.0,0.1,59.0,62.0,0.05,0.285
k18_all_equal,mismatch_first,4096,avx2,1,35.9,35.8,0.0,35.8,36.5,0.03,0.173
k18_all_equal,mismatch_first,4096,multi,1,37.2,36.8,0.1,36.8,38.0,0.03,0.179
k18_all_equal,mismatch_first,65536,orig,1,3435.2,3297.4,105.4,3297.4,3609.9,0.17,1.000
k18_all_equal,mismatch_first,65536,scalar,1,13018.8,12378.5,159.9,12378.5,13727.8,0.64,3.790
k18_all_equal,mismatch_first,65536,chunked,1,2109.0,2099.0,6.0,2099.0,2135.7,0.10,0.614
k18_all_equal,mismatch_first,65536,sse2,1,838.9,834.1,2.3,834.1,870.6,0.04,0.244
k18_all_equal,mismatch_first,65536,avx2,1,605.2,599.0,5.7,599.0,613.4,0.03,0.176
k18_all_equal,mismatch_first,65536,multi,1,601.3,599.4,1.3,599.4,613.0,0.03,0.175
k18_all_equal,mismatch_last,16,orig,1,1.5,1.4,0.0,1.4,1.6,0.29,1.000
k18_all_equal,mismatch_last,16,scalar,1,4.1,4.1,0.0,4.1,4.2,0.81,2.759
k18_all_equal,mismatch_last,16,chunked,1,3.6,3.6,0.0,3.6,4.0,0.72,2.439
k18_all_equal,mismatch_last,16,sse2,1,1.3,1.3,0.0,1.3,1.6,0.27,0.902
k18_all_equal,mismatch_last,16,avx2,1,1.4,1.4,0.0,1.4,1.5,0.27,0.924
k18_all_equal,mismatch_last,16,multi,1,4.1,4.1,0.0,4.1,4.2,0.81,2.757
k18_all_equal,mismatch_last,17,orig,1,1.5,1.4,0.0,1.4,1.6,0.27,1.000
k18_all_equal,mismatch_last,17,scalar,1,4.3,4.2,0.0,4.2,4.3,0.80,2.939
k18_all_equal,mismatch_last,17,chunked,1,3.7,3.7,0.0,3.7,3.8,0.70,2.558
k18_all_equal,mismatch_last,17,sse2,1,1.4,1.4,0.0,1.4,1.5,0.26,0.937
k18_all_equal,mismatch_last,17,avx2,1,1.5,1.5,0.0,1.5,1.6,0.29,1.067
k18_all_equal,mismatch_last,17,multi,1,4.3,4.3,0.0,4.3,4.3,0.80,2.932
k18_all_equal,mismatch_last,31,orig,1,3.5,3.5,0.0,3.5,3.6,0.36,1.000
k18_all_equal,mismatch_last,31,scalar,1,7.0,6.9,0.0,6.9,7.1,0.72,2.005
k18_all_equal,mismatch_last,31,chunked,1,4.1,4.0,0.0,4.0,4.2,0.42,1.180
k18_all_equal,mismatch_last,31,sse2,1,4.4,4.4,0.0,4.4,4.5,0.46,1.272
k18_all_equal,mismatch_last,31,avx2,1,4.6,4.6,0.0,4.6,4.8,0.48,1.328
k18_all_equal,mismatch_last,31,multi,1,7.0,6.9,0.0,6.9,7.1,0.72,1.999
k18_all_equal,mismatch_last,32,orig,1,1.9,1.8,0.0,1.8,1.9,0.19,1.000
k18_all_equal,mismatch_last,32,scalar,1,7.2,7.1,0.1,7.1,7.4,0.72,3.861
k18_all_equal,mismatch_last,32,chunked,1,4.2,4.1,0.0,4.1,4.3,0.42,2.235
k18_all_equal,mismatch_last,32,sse2,1,1.4,1.4,0.0,1.4,1.5,0.14,0.730
k18_all_equal,mismatch_last,32,avx2,1,1.4,1.4,0.0,1.4,1.4,0.14,0.728
k18_all_equal,mismatch_last,32,multi,1,1.5,1.5,0.0,1.5,1.6,0.15,0.830
k18_all_equal,mismatch_last,33,orig,1,1.9,1.9,0.0,1.9,2.0,0.19,1.000
k18_all_equal,mismatch_last,33,scalar,1,7.3,7.3,0.0,7.3,7.5,0.71,3.787
k18_all_equal,mismatch_last,33,chunked,1,4.3,4.3,0.0,4.3,4.5,0.41,2.210
k18_all_equal,mismatch_last,33,sse2,1,1.6,1.5,0.0,1.5,1.7,0.15,0.804
k18_all_equal,mismatch_last,33,avx2,1,1.6,1.5,0.0,1.5,1.6,0.15,0.803
k18_all_equal,mismatch_last,33,multi,1,1.6,1.5,0.0,1.5,1.7,0.15,0.805
k18_all_equal,mismatch_last,63,orig,1,4.5,4.4,0.1,4.4,4.6,0.23,1.000
k18_all_equal,mismatch_last,63,scalar,1,18.3,18.3,0.1,18.3,18.5,0.93,4.108
k18_all_equal,mismatch_last,63,chunked,1,4.9,4.8,0.0,4.8,5.1,0.25,1.087
k18_all_equal,mismatch_last,63,sse2,1,5.4,5.4,0.0,5.4,5.5,0.27,1.203
k18_all_equal,mismatch_last,63,avx2,1,4.8,4.8,0.0,4.8,4.9,0.24,1.075
k18_all_equal,mismatch_last,63,multi,1,4.8,4.8,0.0,4.8,5.0,0.24,1.073
k18_all_equal,mismatch_last,64,orig,1,3.5,3.5,0.0,3.5,3.6,0.17,1.000
k18_all_equal,mismatch_last,64,scalar,1,17.4,17.3,0.0,17.3,17.6,0.87,5.024
k18_all_equal,mismatch_last,64,chunked,1,4.9,4.8,0.0,4.8,5.0,0.24,1.408
k18_all_equal,mismatch_last,64,sse2,1,2.5,2.5,0.0,2.5,2.5,0.12,0.709
k18_all_equal,mismatch_last,64,avx2,1,1.6,1.5,0.0,1.5,1.7,0.08,0.448
k18_all_equal,mismatch_last,64,multi,1,1.7,1.7,0.0,1.7,1.9,0.09,0.501
k18_all_equal,mismatch_last,65,orig,1,3.5,3.4,0.0,3.4,3.5,0.17,1.000
k18_all_equal,mismatch_last,65,scalar,1,17.7,17.5,0.0,17.5,17.8,0.87,5.094
k18_all_equal,mismatch_last,65,chunked,1,4.9,4.9,0.0,4.9,5.0,0.24,1.426
k18_all_equal,mismatch_last,65,sse2,1,2.6,2.6,0.0,2.6,2.7,0.13,0.761
k18_all_equal,mismatch_last,65,avx2,1,1.7,1.7,0.0,1.7,2.0,0.09,0.500
k18_all_equal,mismatch_last,65,multi,1,1.7,1.7,0.0,1.7,2.0,0.09,0.502
k18_all_equal,mismatch_last,256,orig,1,13.3,13.1,0.1,13.1,13.8,0.17,1.000
k18_all_equal,mismatch_last,256,scalar,1,54.7,54.2,0.2,54.2,55.7,0.68,4.118
k18_all_equal,mismatch_last,256,chunked,1,9.5,9.3,0.1,9.3,9.7,0.12,0.714
k18_all_equal,mismatch_last,256,sse2,1,4.4,4.4,0.0,4.4,5.1,0.06,0.333
k18_all_equal,mismatch_last,256,avx2,1,3.1,3.1,0.0,3.1,3.3,0.04,0.237
k18_all_equal,mismatch_last,256,multi,1,3.3,3.3,0.0,3.3,3.7,0.04,0.250
k18_all_equal,mismatch_last,4096,orig,1,208.8,207.7,0.8,207.7,215.1,0.16,1.000
k18_all_equal,mismatch_last,4096,scalar,1,411.2,408.9,2.2,408.9,443.1,0.32,1.970
k18_all_equal,mismatch_last,4096,chunked,1,82.6,74.9,6.9,74.9,91.9,0.06,0.395
k18_all_equal,mismatch_last,4096,sse2,1,37.9,34.0,3.9,34.0,47.4,0.03,0.182
k18_all_equal,mismatch_last,4096,avx2,1,22.2,21.9,0.3,21.9,34.3,0.02,0.106
k18_all_equal,mismatch_last,4096,multi,1,24.1,23.9,0.2,23.9,34.3,0.02,0.115
k18_all_equal,mismatch_last,65536,orig,1,3316.0,3294.7,11.2,3294.7,3423.7,0.16,1.000
k18_all_equal,mismatch_last,65536,scalar,1,12387.6,12355.9,27.7,12355.9,12905.3,0.60,3.736
k18_all_equal,mismatch_last,65536,chunked,1,2219.3,2100.9,81.7,2100.9,2398.8,0.11,0.669
k18_all_equal,mismatch_last,65536,sse2,1,840.0,834.6,4.3,834.6,946.2,0.04,0.253
k18_all_equal,mismatch_last,65536,avx2,1,601.3,600.4,0.8,600.4,689.4,0.03,0.181
k18_all_equal,mismatch_last,65536,multi,1,626.2,600.6,25.0,600.6,689.5,0.03,0.189
k18_all_equal,mismatch_mid,16,orig,1,1.5,1.5,0.0,1.5,8.1,0.30,1.000
k18_all_equal,mismatch_mid,16,scalar,1,4.2,4.1,0.1,4.1,13.2,0.83,2.814
k18_all_equal,mismatch_mid,16,chunked,1,3.7,3.6,0.1,3.6,4.5,0.73,2.482
k18_all_equal,mismatch_mid,16,sse2,1,1.3,1.3,0.0,1.3,1.5,0.26,0.879
k18_all_equal,mismatch_mid,16,avx2,1,1.4,1.4,0.0,1.4,11.2,0.27,0.920
k18_all_equal,mismatch_mid,16,multi,1,4.1,4.1,0.0,4.1,4.5,0.81,2.743
k18_all_equal,mismatch_mid,17,orig,1,1.4,1.4,0.0,1.4,2.4,0.27,1.000
k18_all_equal,mismatch_mid,17,scalar,1,4.3,4.3,0.0,4.3,12.8,0.80,2.935
k18_all_equal,mismatch_mid,17,chunked,1,3.7,3.7,0.0,3.7,7.6,0.70,2.560
k18_all_equal,mismatch_mid,17,sse2,1,1.4,1.4,0.0,1.4,11.0,0.26,0.936
k18_all_equal,mismatch_mid,17,avx2,1,1.6,1.5,0.0,1.5,2.5,0.29,1.072
k18_all_equal,mismatch_mid,17,multi,1,4.3,4.3,0.0,4.3,11.6,0.80,2.946
k18_all_equal,mismatch_mid,31,orig,1,3.5,3.4,0.0,3.4,4.4,0.36,1.000
k18_all_equal,mismatch_mid,31,scalar,1,7.1,7.0,0.1,7.0,16.0,0.73,2.020
k18_all_equal,mismatch_mid,31,chunked,1,4.2,4.1,0.0,4.1,4.4,0.43,1.195
k18_all_equal,mismatch_mid,31,sse2,1,4.5,4.4,0.1,4.4,13.3,0.47,1.292
k18_all_equal,mismatch_mid,31,avx2,1,4.6,4.6,0.0,4.6,13.7,0.48,1.326
k18_all_equal,mismatch_mid,31,multi,1,7.0,6.9,0.1,6.9,15.5,0.73,2.011
k18_all_equal,mismatch_mid,32,orig,1,1.9,1.9,0.0,1.9,2.8,0.19,1.000
k18_all_equal,mismatch_mid,32,scalar,1,7.2,7.1,0.1,7.1,15.1,0.72,3.881
k18_all_equal,mismatch_mid,32,chunked,1,4.2,4.2,0.0,4.2,13.1,0.42,2.284
k18_all_equal,mismatch_mid,32,sse2,1,1.4,1.4,0.0,1.4,9.9,0.14,0.743
k18_all_equal,mismatch_mid,32,avx2,1,1.4,1.4,0.0,1.4,5.3,0.14,0.732
k18_all_equal,mismatch_mid,32,multi,1,1.5,1.5,0.0,1.5,1.7,0.15,0.834
k18_all_equal,mismatch_mid,33,orig,1,2.0,1.9,0.0,1.9,10.7,0.19,1.000
k18_all_equal,mismatch_mid,33,scalar,1,7.5,7.3,0.1,7.3,16.3,0.73,3.785
k18_all_equal,mismatch_mid,33,chunked,1,4.7,4.6,0.1,4.6,13.3,0.46,2.376
k18_all_equal,mismatch_mid,33,sse2,1,1.6,1.6,0.0,1.6,1.7,0.15,0.788
k18_all_equal,mismatch_mid,33,avx2,1,1.5,1.5,0.0,1.5,1.6,0.15,0.784
k18_all_equal,mismatch_mid,33,multi,1,1.5,1.5,0.0,1.5,10.4,0.15,0.783
k18_all_equal,mismatch_mid,63,orig,1,4.4,4.4,0.0,4.4,4.5,0.22,1.000
k18_all_equal,mismatch_mid,63,scalar,1,18.7,18.6,0.0,18.6,19.0,0.95,4.249
k18_all_equal,mismatch_mid,63,chunked,1,5.0,4.9,0.1,4.9,5.3,0.25,1.128
k18_all_equal,mismatch_mid,63,sse2,1,5.5,5.4,0.1,5.4,5.6,0.28,1.245
k18_all_equal,mismatch_mid,63,avx2,1,4.8,4.8,0.0,4.8,5.0,0.24,1.096
k18_all_equal,mismatch_mid,63,multi,1,4.9,4.8,0.0,4.8,5.0,0.25,1.105
k18_all_equal,mismatch_mid,64,orig,1,3.5,3.4,0.0,3.4,3.7,0.17,1.000
k18_all_equal,mismatch_mid,64,scalar,1,17.5,17.5,0.1,17.5,18.0,0.88,5.074
k18_all_equal,mismatch_mid,64,chunked,1,4.9,4.9,0.0,4.9,5.1,0.25,1.424
k18_all_equal,mismatch_mid,64,sse2,1,2.5,2.5,0.0,2.5,2.7,0.12,0.716
k18_all_equal,mismatch_mid,64,avx2,1,1.6,1.5,0.0,1.5,1.7,0.08,0.449
k18_all_equal,mismatch_mid,64,multi,1,1.7,1.7,0.0,1.7,2.3,0.09,0.506
k18_all_equal,mismatch_mid,65,orig,1,3.5,3.5,0.0,3.5,3.6,0.17,1.000
k18_all_equal,mismatch_mid,65,scalar,1,17.8,17.7,0.0,17.7,17.9,0.88,5.133
k18_all_equal,mismatch_mid,65,chunked,1,5.0,5.0,0.0,5.0,12.0,0.25,1.448
k18_all_equal,mismatch_mid,65,sse2,1,2.7,2.7,0.0,2.7,8.6,0.13,0.769
k18_all_equal,mismatch_mid,65,avx2,1,1.7,1.7,0.0,1.7,1.9,0.09,0.504
k18_all_equal,mismatch_mid,65,multi,1,1.7,1.7,0.0,1.7,2.0,0.09,0.502
k18_all_equal,mismatch_mid,256,orig,1,13.3,13.2,0.2,13.2,23.1,0.17,1.000
k18_all_equal,mismatch_mid,256,scalar,1,64.3,55.0,1.9,55.0,68.3,0.80,4.823
k18_all_equal,mismatch_mid,256,chunked,1,9.7,9.5,0.1,9.5,17.2,0.12,0.727
k18_all_equal,mismatch_mid,256,sse2,1,4.5,4.4,0.1,4.4,10.5,0.06,0.335
k18_all_equal,mismatch_mid,256,avx2,1,3.2,3.1,0.1,3.1,11.6,0.04,0.240
k18_all_equal,mismatch_mid,256,multi,1,3.4,3.3,0.0,3.3,12.3,0.04,0.254
k18_all_equal,mismatch_mid,4096,orig,1,225.0,207.8,16.8,207.8,245.0,0.18,1.000
k18_all_equal,mismatch_mid,4096,scalar,1,497.0,495.8,0.4,495.8,498.4,0.39,2.209
k18_all_equal,mismatch_mid,4096,chunked,1,89.7,89.4,0.2,89.4,90.8,0.07,0.399
k18_all_equal,mismatch_mid,4096,sse2,1,39.2,39.1,0.1,39.1,39.6,0.03,0.174
k18_all_equal,mismatch_mid,4096,avx2,1,23.8,23.7,0.1,23.7,24.4,0.02,0.106
k18_all_equal,mismatch_mid,4096,multi,1,25.5,25.4,0.0,25.4,25.7,0.02,0.113
k18_all_equal,mismatch_mid,65536,orig,1,3313.4,3302.0,7.7,3302.0,3375.4,0.16,1.000
k18_all_equal,mismatch_mid,65536,scalar,1,6195.9,5984.8,157.5,5984.8,6797.3,0.30,1.870
k18_all_equal,mismatch_mid,65536,chunked,1,1010.6,1006.0,2.0,1006.0,1071.4,0.05,0.305
k18_all_equal,mismatch_mid,65536,sse2,1,398.3,397.0,1.1,397.0,432.6,0.02,0.120
k18_all_equal,mismatch_mid,65536,avx2,1,211.6,209.1,1.5,209.1,219.4,0.01,0.064
k18_all_equal,mismatch_mid,65536,multi,1,211.3,209.4,1.6,209.4,221.0,0.01,0.064
k18_all_equal,random,16,orig,1,1.5,1.4,0.0,1.4,1.5,0.30,1.000
k18_all_equal,random,16,scalar,1,4.1,4.1,0.0,4.1,4.2,0.81,2.741
k18_all_equal,random,16,chunked,1,3.6,3.4,0.0,3.4,3.7,0.72,2.419
k18_all_equal,random,16,sse2,1,1.4,1.3,0.0,1.3,1.6,0.28,0.930
k18_all_equal,random,16,avx2,1,1.4,1.4,0.0,1.4,1.5,0.28,0.934
k18_all_equal,random,16,multi,1,4.1,4.1,0.0,4.1,4.3,0.81,2.745
k18_all_equal,random,17,orig,1,1.5,1.4,0.0,1.4,1.5,0.27,1.000
k18_all_equal,random,17,scalar,1,4.2,4.2,0.0,4.2,4.5,0.80,2.925
k18_all_equal,random,17,chunked,1,3.7,3.7,0.0,3.7,3.8,0.70,2.558
k18_all_equal,random,17,sse2,1,1.4,1.4,0.0,1.4,1.5,0.26,0.947
k18_all_equal,random,17,avx2,1,1.6,1.5,0.0,1.5,1.7,0.30,1.086
k18_all_equal,random,17,multi,1,4.2,4.2,0.0,4.2,4.6,0.80,2.923
k18_all_equal,random,31,orig,1,3.6,3.5,0.1,3.5,3.8,0.37,1.000
k18_all_equal,random,31,scalar,1,7.1,6.9,0.1,6.9,8.0,0.73,1.990
k18_all_equal,random,31,chunked,1,4.1,4.1,0.0,4.1,4.4,0.43,1.153
k18_all_equal,random,31,sse2,1,4.4,4.4,0.0,4.4,4.5,0.46,1.239
k18_all_equal,random,31,avx2,1,4.6,4.6,0.0,4.6,4.7,0.48,1.290
k18_all_equal,random,31,multi,1,6.9,6.9,0.0,6.9,7.0,0.71,1.936
k18_all_equal,random,32,orig,1,1.9,1.9,0.0,1.9,2.0,0.19,1.000
k18_all_equal,random,32,scalar,1,7.2,7.1,0.0,7.1,7.6,0.72,3.871
k18_all_equal,random,32,chunked,1,4.4,4.2,0.1,4.2,4.8,0.44,2.389
k18_all_equal,random,32,sse2,1,1.4,1.4,0.0,1.4,1.5,0.14,0.738
k18_all_equal,random,32,avx2,1,1.4,1.4,0.0,1.4,1.5,0.14,0.760
k18_all_equal,random,32,multi,1,1.6,1.6,0.0,1.6,1.7,0.16,0.867
k18_all_equal,random,33,orig,1,2.0,2.0,0.0,2.0,2.1,0.19,1.000
k18_all_equal,random,33,scalar,1,7.3,7.3,0.0,7.3,7.4,0.71,3.657
k18_all_equal,random,33,chunked,1,4.6,4.6,0.0,4.6,5.3,0.45,2.315
k18_all_equal,random,33,sse2,1,1.6,1.5,0.0,1.5,1.7,0.15,0.774
k18_all_equal,random,33,avx2,1,1.6,1.5,0.0,1.5,1.7,0.16,0.802
k18_all_equal,random,33,multi,1,1.6,1.6,0.0,1.6,1.7,0.16,0.801
k18_all_equal,random,63,orig,1,4.5,4.4,0.0,4.4,4.7,0.23,1.000
k18_all_equal,random,63,scalar,1,18.4,18.2,0.0,18.2,19.0,0.93,4.055
k18_all_equal,random,63,chunked,1,4.9,4.9,0.0,4.9,5.1,0.25,1.091
k18_all_equal,random,63,sse2,1,5.4,5.3,0.0,5.3,5.5,0.27,1.185
k18_all_equal,random,63,avx2,1,4.8,4.8,0.0,4.8,4.9,0.24,1.057
k18_all_equal,random,63,multi,1,4.8,4.8,0.0,4.8,6.1,0.24,1.056
k18_all_equal,random,64,orig,1,3.5,3.4,0.0,3.4,3.6,0.17,1.000
k18_all_equal,random,64,scalar,1,17.4,17.3,0.1,17.3,17.8,0.87,5.034
k18_all_equal,random,64,chunked,1,4.9,4.8,0.1,4.8,5.6,0.25,1.418
k18_all_equal,random,64,sse2,1,2.5,2.4,0.0,2.4,2.5,0.12,0.710
k18_all_equal,random,64,avx2,1,1.6,1.5,0.0,1.5,1.7,0.08,0.451
k18_all_equal,random,64,multi,1,1.7,1.7,0.0,1.7,1.9,0.09,0.503
k18_all_equal,random,65,orig,1,3.5,3.5,0.0,3.5,3.7,0.17,1.000
k18_all_equal,random,65,scalar,1,17.6,17.5,0.0,17.5,18.4,0.87,5.077
k18_all_equal,random,65,chunked,1,5.2,5.0,0.1,5.0,9.5,0.25,1.487
k18_all_equal,random,65,sse2,1,2.6,2.6,0.0,2.6,2.9,0.13,0.763
k18_all_equal,random,65,avx2,1,1.8,1.7,0.0,1.7,8.8,0.09,0.510
k18_all_equal,random,65,multi,1,1.7,1.7,0.0,1.7,1.8,0.09,0.502
k18_all_equal,random,256,orig,1,13.4,13.2,0.1,13.2,22.5,0.17,1.000
k18_all_equal,random,256,scalar,1,52.8,52.3,0.3,52.3,53.9,0.66,3.941
k18_all_equal,random,256,chunked,1,9.1,8.9,0.1,8.9,9.2,0.11,0.677
k18_all_equal,random,256,sse2,1,4.3,4.2,0.0,4.2,4.6,0.05,0.322
k18_all_equal,random,256,avx2,1,3.1,3.1,0.0,3.1,3.2,0.04,0.229
k18_all_equal,random,256,multi,1,3.3,3.3,0.0,3.3,3.4,0.04,0.247
k18_all_equal,random,4096,orig,1,207.5,207.2,0.3,207.2,208.5,0.16,1.000
k18_all_equal,random,4096,scalar,1,1.5,1.4,0.0,1.4,1.6,0.00,0.007
k18_all_equal,random,4096,chunked,1,1.4,1.3,0.0,1.3,1.4,0.00,0.007
k18_all_equal,random,4096,sse2,1,1.3,1.3,0.0,1.3,1.4,0.00,0.006
k18_all_equal,random,4096,avx2,1,1.3,1.0,0.1,1.0,1.4,0.00,0.006
k18_all_equal,random,4096,multi,1,1.3,1.3,0.0,1.3,1.4,0.00,0.006
k18_all_equal,random,65536,orig,1,3545.7,3313.4,79.5,3313.4,3695.4,0.17,1.000
k18_all_equal,random,65536,scalar,1,1.5,1.4,0.0,1.4,1.6,0.00,0.000
k18_all_equal,random,65536,chunked,1,1.4,1.3,0.0,1.3,1.6,0.00,0.000
k18_all_equal,random,65536,sse2,1,1.3,1.3,0.0,1.3,7.9,0.00,0.000
k18_all_equal,random,65536,avx2,1,1.3,1.2,0.1,1.2,1.4,0.00,0.000
k18_all_equal,random,65536,multi,1,1.3,1.3,0.0,1.3,1.4,0.00,0.000
k43_sum_ascii,random,16,orig,1,1.4,1.3,0.0,1.3,1.5,0.28,1.000
k43_sum_ascii,random,16,scalar,1,1.2,1.2,0.0,1.2,10.5,0.24,0.841
k43_sum_ascii,random,16,chunked,1,1.9,1.9,0.0,1.9,2.0,0.38,1.361
k43_sum_ascii,random,16,swar,1,2.1,2.1,0.0,2.1,11.2,0.43,1.521
k43_sum_ascii,random,16,sse2,1,1.3,1.2,0.0,1.2,2.5,0.25,0.892
k43_sum_ascii,random,16,avx2,1,1.3,1.2,0.0,1.2,1.3,0.25,0.899
k43_sum_ascii,random,16,multi,1,1.3,1.2,0.0,1.2,1.4,0.25,0.903
k43_sum_ascii,random,17,orig,1,1.5,1.4,0.0,1.4,9.7,0.28,1.000
k43_sum_ascii,random,17,scalar,1,1.4,1.3,0.0,1.3,1.4,0.26,0.912
k43_sum_ascii,random,17,chunked,1,2.1,2.1,0.0,2.1,2.2,0.39,1.391
k43_sum_ascii,random,17,swar,1,2.3,2.3,0.0,2.3,11.3,0.44,1.544
k43_sum_ascii,random,17,sse2,1,1.4,1.3,0.1,1.3,1.5,0.27,0.949
k43_sum_ascii,random,17,avx2,1,1.3,1.3,0.0,1.3,1.4,0.24,0.859
k43_sum_ascii,random,17,multi,1,1.4,1.3,0.1,1.3,6.3,0.26,0.916
k43_sum_ascii,random,31,orig,1,3.0,3.0,0.0,3.0,3.2,0.31,1.000
k43_sum_ascii,random,31,scalar,1,3.9,3.9,0.0,3.9,10.5,0.40,1.279
k43_sum_ascii,random,31,chunked,1,3.5,3.5,0.0,3.5,9.4,0.36,1.165
k43_sum_ascii,random,31,swar,1,4.1,4.1,0.0,4.1,12.6,0.42,1.351
k43_sum_ascii,random,31,sse2,1,5.8,4.4,0.2,4.4,14.7,0.60,1.908
k43_sum_ascii,random,31,avx2,1,5.8,5.8,0.1,5.8,11.7,0.60,1.925
k43_sum_ascii,random,31,multi,1,2.3,2.3,0.0,2.3,2.5,0.24,0.767
k43_sum_ascii,random,32,orig,1,1.4,1.4,0.0,1.4,7.0,0.14,1.000
k43_sum_ascii,random,32,scalar,1,1.6,1.5,0.0,1.5,1.6,0.16,1.145
k43_sum_ascii,random,32,chunked,1,3.4,3.4,0.0,3.4,10.3,0.34,2.486
k43_sum_ascii,random,32,swar,1,3.8,3.8,0.0,3.8,4.0,0.38,2.797
k43_sum_ascii,random,32,sse2,1,1.5,1.4,0.0,1.4,9.9,0.15,1.082
k43_sum_ascii,random,32,avx2,1,1.4,1.3,0.0,1.3,1.6,0.14,1.031
k43_sum_ascii,random,32,multi,1,1.4,1.3,0.0,1.3,1.4,0.14,1.005
k43_sum_ascii,random,33,orig,1,1.6,1.6,0.0,1.6,10.2,0.16,1.000
k43_sum_ascii,random,33,scalar,1,1.8,1.7,0.0,1.7,4.4,0.17,1.105
k43_sum_ascii,random,33,chunked,1,3.5,3.5,0.0,3.5,12.1,0.34,2.202
k43_sum_ascii,random,33,swar,1,3.9,3.9,0.0,3.9,4.1,0.38,2.456
k43_sum_ascii,random,33,sse2,1,1.6,1.6,0.0,1.6,7.3,0.16,1.028
k43_sum_ascii,random,33,avx2,1,1.5,1.5,0.0,1.5,2.1,0.15,0.965
k43_sum_ascii,random,33,multi,1,1.6,1.5,0.0,1.5,1.7,0.15,0.974
k43_sum_ascii,random,63,orig,1,3.5,3.5,0.0,3.5,5.1,0.18,1.000
k43_sum_ascii,random,63,scalar,1,5.4,4.4,0.5,4.4,12.5,0.27,1.530
k43_sum_ascii,random,63,chunked,1,6.3,6.2,0.0,6.2,14.5,0.32,1.786
k43_sum_ascii,random,63,swar,1,7.2,7.1,0.1,7.1,16.1,0.36,2.045
k43_sum_ascii,random,63,sse2,1,6.2,4.6,1.5,4.6,11.2,0.31,1.761
k43_sum_ascii,random,63,avx2,1,6.0,4.4,0.2,4.4,11.1,0.30,1.704
k43_sum_ascii,random,63,multi,1,6.2,6.2,0.0,6.2,14.4,0.31,1.766
k43_sum_ascii,random,64,orig,1,2.2,2.1,0.0,2.1,11.1,0.11,1.000
k43_sum_ascii,random,64,scalar,1,2.3,2.3,0.0,2.3,2.5,0.12,1.065
k43_sum_ascii,random,64,chunked,1,5.9,5.9,0.0,5.9,14.2,0.30,2.703
k43_sum_ascii,random,64,swar,1,2.2,2.1,0.1,2.1,10.9,0.11,0.996
k43_sum_ascii,random,64,sse2,1,2.3,2.3,0.0,2.3,2.4,0.12,1.058
k43_sum_ascii,random,64,avx2,1,1.8,1.8,0.1,1.8,7.6,0.09,0.833
k43_sum_ascii,random,64,multi,1,1.5,1.5,0.0,1.5,1.6,0.08,0.704
k43_sum_ascii,random,65,orig,1,2.4,2.3,0.0,2.3,9.5,0.12,1.000
k43_sum_ascii,random,65,scalar,1,2.4,2.3,0.0,2.3,3.4,0.12,1.010
k43_sum_ascii,random,65,chunked,1,6.4,6.3,0.0,6.3,15.1,0.31,2.696
k43_sum_ascii,random,65,swar,1,2.2,2.2,0.0,2.2,10.7,0.11,0.945
k43_sum_ascii,random,65,sse2,1,2.2,2.2,0.0,2.2,2.4,0.11,0.944
k43_sum_ascii,random,65,avx2,1,2.0,1.9,0.0,1.9,11.2,0.10,0.829
k43_sum_ascii,random,65,multi,1,1.7,1.7,0.0,1.7,5.7,0.09,0.740
k43_sum_ascii,random,256,orig,1,7.7,7.4,0.2,7.4,16.4,0.10,1.000
k43_sum_ascii,random,256,scalar,1,7.8,7.4,0.1,7.4,15.6,0.10,1.014
k43_sum_ascii,random,256,chunked,1,5.2,5.0,0.1,5.0,14.0,0.06,0.673
k43_sum_ascii,random,256,swar,1,6.9,6.8,0.1,6.8,15.5,0.09,0.901
k43_sum_ascii,random,256,sse2,1,2.6,2.6,0.0,2.6,6.5,0.03,0.340
k43_sum_ascii,random,256,avx2,1,2.0,1.9,0.1,1.9,7.4,0.03,0.266
k43_sum_ascii,random,256,multi,1,1.8,1.8,0.0,1.8,5.7,0.02,0.241
k43_sum_ascii,random,4096,orig,1,115.7,112.8,2.9,112.8,136.3,0.09,1.000
k43_sum_ascii,random,4096,scalar,1,114.8,114.2,0.4,114.2,133.2,0.09,0.992
k43_sum_ascii,random,4096,chunked,1,80.6,70.6,2.1,70.6,83.6,0.06,0.696
k43_sum_ascii,random,4096,swar,1,106.2,105.9,0.3,105.9,110.8,0.08,0.918
k43_sum_ascii,random,4096,sse2,1,46.9,46.8,0.0,46.8,47.5,0.04,0.405
k43_sum_ascii,random,4096,avx2,1,26.8,26.7,0.1,26.7,27.5,0.02,0.232
k43_sum_ascii,random,4096,multi,1,27.1,26.7,0.2,26.7,41.9,0.02,0.234
k43_sum_ascii,random,65536,orig,1,1824.3,1819.4,3.7,1819.4,2065.7,0.09,1.000
k43_sum_ascii,random,65536,scalar,1,1828.3,1819.8,7.7,1819.8,1955.8,0.09,1.002
k43_sum_ascii,random,65536,chunked,1,1132.1,1129.5,1.5,1129.5,1299.2,0.06,0.621
k43_sum_ascii,random,65536,swar,1,1681.6,1655.0,26.6,1655.0,1890.9,0.08,0.922
k43_sum_ascii,random,65536,sse2,1,756.2,739.9,14.8,739.9,845.0,0.04,0.415
k43_sum_ascii,random,65536,avx2,1,545.5,543.5,0.8,543.5,616.3,0.03,0.299
k43_sum_ascii,random,65536,multi,1,545.4,543.8,0.8,543.8,622.7,0.03,0.299
k43_sum_ascii,ascii,16,orig,1,1.4,1.3,0.1,1.3,1.5,0.29,1.000
k43_sum_ascii,ascii,16,scalar,1,1.2,1.2,0.0,1.2,1.3,0.24,0.831
k43_sum_ascii,ascii,16,chunked,1,2.1,1.9,0.0,1.9,2.2,0.41,1.438
k43_sum_ascii,ascii,16,swar,1,2.3,2.2,0.0,2.2,2.6,0.46,1.593
k43_sum_ascii,ascii,16,sse2,1,1.3,1.2,0.0,1.2,1.3,0.25,0.872
k43_sum_ascii,ascii,16,avx2,1,1.3,1.2,0.0,1.2,1.3,0.26,0.893
k43_sum_ascii,ascii,16,multi,1,1.3,1.3,0.0,1.3,1.4,0.27,0.919
k43_sum_ascii,ascii,17,orig,1,1.6,1.4,0.1,1.4,1.7,0.29,1.000
k43_sum_ascii,ascii,17,scalar,1,1.4,1.4,0.0,1.4,1.5,0.27,0.900
k43_sum_ascii,ascii,17,chunked,1,2.1,2.1,0.0,2.1,2.2,0.40,1.359
k43_sum_ascii,ascii,17,swar,1,2.4,2.3,0.0,2.3,2.5,0.45,1.538
k43_sum_ascii,ascii,17,sse2,1,1.4,1.4,0.0,1.4,1.5,0.26,0.897
k43_sum_ascii,ascii,17,avx2,1,1.3,1.3,0.0,1.3,1.8,0.25,0.833
k43_sum_ascii,ascii,17,multi,1,1.3,1.3,0.0,1.3,1.4,0.25,0.853
k43_sum_ascii,ascii,31,orig,1,3.2,3.1,0.0,3.1,3.3,0.33,1.000
k43_sum_ascii,ascii,31,scalar,1,3.9,3.9,0.0,3.9,4.1,0.40,1.219
k43_sum_ascii,ascii,31,chunked,1,3.5,3.5,0.0,3.5,3.6,0.37,1.114
k43_sum_ascii,ascii,31,swar,1,4.2,4.2,0.0,4.2,4.5,0.43,1.314
k43_sum_ascii,ascii,31,sse2,1,4.3,4.3,0.0,4.3,5.9,0.44,1.339
k43_sum_ascii,ascii,31,avx2,1,5.9,5.8,0.1,5.8,6.0,0.61,1.859
k43_sum_ascii,ascii,31,multi,1,2.2,2.2,0.0,2.2,2.4,0.23,0.705
k43_sum_ascii,ascii,32,orig,1,1.4,1.4,0.0,1.4,1.6,0.14,1.000
k43_sum_ascii,ascii,32,scalar,1,1.6,1.6,0.0,1.6,1.7,0.16,1.142
k43_sum_ascii,ascii,32,chunked,1,3.4,3.3,0.1,3.3,3.6,0.34,2.391
k43_sum_ascii,ascii,32,swar,1,3.9,3.8,0.1,3.8,4.0,0.39,2.732
k43_sum_ascii,ascii,32,sse2,1,1.5,1.5,0.0,1.5,1.6,0.15,1.048
k43_sum_ascii,ascii,32,avx2,1,1.4,1.4,0.0,1.4,1.6,0.14,0.978
k43_sum_ascii,ascii,32,multi,1,1.4,1.4,0.0,1.4,1.5,0.14,0.969
k43_sum_ascii,ascii,33,orig,1,1.6,1.6,0.0,1.6,1.7,0.16,1.000
k43_sum_ascii,ascii,33,scalar,1,1.8,1.8,0.0,1.8,1.9,0.17,1.125
k43_sum_ascii,ascii,33,chunked,1,3.6,3.5,0.0,3.5,3.7,0.35,2.246
k43_sum_ascii,ascii,33,swar,1,4.0,3.9,0.1,3.9,4.2,0.39,2.513
k43_sum_ascii,ascii,33,sse2,1,1.7,1.7,0.0,1.7,1.9,0.17,1.062
k43_sum_ascii,ascii,33,avx2,1,1.6,1.5,0.0,1.5,1.8,0.16,1.000
k43_sum_ascii,ascii,33,multi,1,1.6,1.6,0.0,1.6,1.7,0.16,1.000
k43_sum_ascii,ascii,63,orig,1,3.6,3.5,0.0,3.5,3.8,0.19,1.000
k43_sum_ascii,ascii,63,scalar,1,4.5,4.4,0.1,4.4,5.8,0.23,1.236
k43_sum_ascii,ascii,63,chunked,1,6.3,6.2,0.1,6.2,6.5,0.32,1.720
k43_sum_ascii,ascii,63,swar,1,7.4,7.1,0.1,7.1,7.6,0.37,2.018
k43_sum_ascii,ascii,63,sse2,1,4.6,4.6,0.0,4.6,6.3,0.24,1.274
k43_sum_ascii,ascii,63,avx2,1,6.0,6.0,0.0,6.0,6.2,0.30,1.643
k43_sum_ascii,ascii,63,multi,1,6.2,6.2,0.0,6.2,6.4,0.31,1.695
k43_sum_ascii,ascii,64,orig,1,2.2,2.1,0.0,2.1,2.3,0.11,1.000
k43_sum_ascii,ascii,64,scalar,1,2.5,2.3,0.0,2.3,2.6,0.12,1.151
k43_sum_ascii,ascii,64,chunked,1,6.0,5.9,0.1,5.9,6.4,0.30,2.804
k43_sum_ascii,ascii,64,swar,1,2.2,2.1,0.0,2.1,2.6,0.11,1.006
k43_sum_ascii,ascii,64,sse2,1,2.4,2.4,0.0,2.4,2.5,0.12,1.100
k43_sum_ascii,ascii,64,avx2,1,1.9,1.8,0.1,1.8,2.0,0.09,0.876
k43_sum_ascii,ascii,64,multi,1,1.6,1.5,0.1,1.5,1.8,0.08,0.766
k43_sum_ascii,ascii,65,orig,1,2.5,2.5,0.0,2.5,2.7,0.12,1.000
k43_sum_ascii,ascii,65,scalar,1,2.5,2.4,0.0,2.4,3.0,0.12,0.976
k43_sum_ascii,ascii,65,chunked,1,6.3,6.3,0.0,6.3,6.5,0.31,2.519
k43_sum_ascii,ascii,65,swar,1,2.2,2.2,0.0,2.2,2.6,0.11,0.892
k43_sum_ascii,ascii,65,sse2,1,2.4,2.3,0.0,2.3,2.5,0.12,0.938
k43_sum_ascii,ascii,65,avx2,1,2.1,2.0,0.0,2.0,2.3,0.10,0.825
k43_sum_ascii,ascii,65,multi,1,1.8,1.7,0.0,1.7,1.9,0.09,0.717
k43_sum_ascii,ascii,256,orig,1,7.5,7.3,0.1,7.3,7.7,0.09,1.000
k43_sum_ascii,ascii,256,scalar,1,7.8,7.6,0.1,7.6,8.4,0.10,1.043
k43_sum_ascii,ascii,256,chunked,1,5.0,4.9,0.0,4.9,5.1,0.06,0.670
k43_sum_ascii,ascii,256,swar,1,6.9,6.8,0.0,6.8,6.9,0.09,0.920
k43_sum_ascii,ascii,256,sse2,1,2.6,2.6,0.0,2.6,2.7,0.03,0.354
k43_sum_ascii,ascii,256,avx2,1,1.9,1.9,0.0,1.9,2.1,0.02,0.259
k43_sum_ascii,ascii,256,multi,1,1.9,1.9,0.0,1.9,2.1,0.02,0.257
k43_sum_ascii,ascii,4096,orig,1,112.6,112.1,0.3,112.1,113.6,0.09,1.000
k43_sum_ascii,ascii,4096,scalar,1,112.9,112.3,0.5,112.3,114.1,0.09,1.003
k43_sum_ascii,ascii,4096,chunked,1,70.8,70.7,0.1,70.7,74.0,0.06,0.628
k43_sum_ascii,ascii,4096,swar,1,106.2,105.8,0.3,105.8,106.7,0.08,0.943
k43_sum_ascii,ascii,4096,sse2,1,47.8,47.0,0.6,47.0,49.6,0.04,0.424
k43_sum_ascii,ascii,4096,avx2,1,27.3,26.7,0.2,26.7,29.0,0.02,0.242
k43_sum_ascii,ascii,4096,multi,1,27.0,26.8,0.1,26.8,29.4,0.02,0.240
k43_sum_ascii,ascii,65536,orig,1,1952.0,1813.7,112.2,1813.7,2095.8,0.10,1.000
k43_sum_ascii,ascii,65536,scalar,1,1862.6,1820.3,35.9,1820.3,2052.7,0.09,0.954
k43_sum_ascii,ascii,65536,chunked,1,1140.6,1131.2,8.1,1131.2,1299.3,0.06,0.584
k43_sum_ascii,ascii,65536,swar,1,1673.6,1652.8,18.9,1652.8,1905.2,0.08,0.857
k43_sum_ascii,ascii,65536,sse2,1,741.0,739.4,1.4,739.4,919.1,0.04,0.380
k43_sum_ascii,ascii,65536,avx2,1,547.1,543.9,1.9,543.9,572.6,0.03,0.280
k43_sum_ascii,ascii,65536,multi,1,547.3,545.0,2.3,545.0,635.0,0.03,0.280
k43_sum_ascii,all_equal,16,orig,1,1.4,1.2,0.0,1.2,1.5,0.28,1.000
k43_sum_ascii,all_equal,16,scalar,1,1.2,1.2,0.0,1.2,1.3,0.24,0.860
k43_sum_ascii,all_equal,16,chunked,1,2.0,1.9,0.0,1.9,2.1,0.39,1.388
k43_sum_ascii,all_equal,16,swar,1,2.2,2.2,0.0,2.2,2.9,0.44,1.561
k43_sum_ascii,all_equal,16,sse2,1,1.2,1.2,0.0,1.2,1.4,0.25,0.877
k43_sum_ascii,all_equal,16,avx2,1,1.3,1.3,0.0,1.3,1.5,0.27,0.939
k43_sum_ascii,all_equal,16,multi,1,1.3,1.3,0.0,1.3,1.4,0.27,0.941
k43_sum_ascii,all_equal,17,orig,1,1.5,1.4,0.0,1.4,1.6,0.28,1.000
k43_sum_ascii,all_equal,17,scalar,1,1.4,1.4,0.0,1.4,1.5,0.26,0.927
k43_sum_ascii,all_equal,17,chunked,1,2.1,2.1,0.0,2.1,2.3,0.40,1.425
k43_sum_ascii,all_equal,17,swar,1,2.4,2.4,0.0,2.4,2.5,0.45,1.604
k43_sum_ascii,all_equal,17,sse2,1,1.5,1.4,0.0,1.4,1.6,0.28,1.004
k43_sum_ascii,all_equal,17,avx2,1,1.3,1.3,0.0,1.3,1.4,0.25,0.870
k43_sum_ascii,all_equal,17,multi,1,1.4,1.3,0.0,1.3,1.6,0.27,0.948
k43_sum_ascii,all_equal,31,orig,1,3.3,3.1,0.0,3.1,3.4,0.34,1.000
k43_sum_ascii,all_equal,31,scalar,1,4.0,3.9,0.1,3.9,4.3,0.41,1.217
k43_sum_ascii,all_equal,31,chunked,1,3.6,3.5,0.0,3.5,3.7,0.37,1.105
k43_sum_ascii,all_equal,31,swar,1,4.2,4.1,0.1,4.1,4.4,0.43,1.277
k43_sum_ascii,all_equal,31,sse2,1,4.3,4.3,0.0,4.3,5.9,0.44,1.314
k43_sum_ascii,all_equal,31,avx2,1,4.3,4.3,0.0,4.3,5.9,0.44,1.320
k43_sum_ascii,all_equal,31,multi,1,2.4,2.4,0.0,2.4,2.6,0.24,0.729
k43_sum_ascii,all_equal,32,orig,1,1.4,1.4,0.0,1.4,1.5,0.14,1.000
k43_sum_ascii,all_equal,32,scalar,1,1.6,1.6,0.0,1.6,1.8,0.16,1.171
k43_sum_ascii,all_equal,32,chunked,1,3.4,3.4,0.0,3.4,4.0,0.34,2.486
k43_sum_ascii,all_equal,32,swar,1,3.9,3.8,0.1,3.8,4.0,0.39,2.789
k43_sum_ascii,all_equal,32,sse2,1,1.5,1.5,0.0,1.5,1.8,0.15,1.098
k43_sum_ascii,all_equal,32,avx2,1,1.5,1.4,0.0,1.4,1.7,0.15,1.071
k43_sum_ascii,all_equal,32,multi,1,1.4,1.4,0.0,1.4,1.5,0.14,1.018
k43_sum_ascii,all_equal,33,orig,1,1.6,1.5,0.0,1.5,1.7,0.15,1.000
k43_sum_ascii,all_equal,33,scalar,1,1.8,1.7,0.0,1.7,117.8,0.17,1.117
k43_sum_ascii,all_equal,33,chunked,1,3.5,3.5,0.0,3.5,3.7,0.34,2.239
k43_sum_ascii,all_equal,33,swar,1,4.1,3.9,0.0,3.9,4.8,0.39,2.570
k43_sum_ascii,all_equal,33,sse2,1,1.7,1.7,0.0,1.7,1.9,0.17,1.081
k43_sum_ascii,all_equal,33,avx2,1,1.6,1.5,0.0,1.5,1.8,0.15,0.997
k43_sum_ascii,all_equal,33,multi,1,1.6,1.5,0.0,1.5,1.7,0.16,1.014
k43_sum_ascii,all_equal,63,orig,1,3.7,3.6,0.0,3.6,3.9,0.19,1.000
k43_sum_ascii,all_equal,63,scalar,1,5.9,4.5,0.1,4.5,6.0,0.30,1.582
k43_sum_ascii,all_equal,63,chunked,1,6.2,6.2,0.0,6.2,6.5,0.32,1.671
k43_sum_ascii,all_equal,63,swar,1,7.3,7.1,0.1,7.1,7.8,0.37,1.950
k43_sum_ascii,all_equal,63,sse2,1,6.2,6.2,0.1,6.2,7.0,0.32,1.677
k43_sum_ascii,all_equal,63,avx2,1,4.5,4.4,0.0,4.4,6.0,0.23,1.198
k43_sum_ascii,all_equal,63,multi,1,6.2,6.2,0.0,6.2,6.4,0.31,1.660
k43_sum_ascii,all_equal,64,orig,1,2.2,2.1,0.0,2.1,2.3,0.11,1.000
k43_sum_ascii,all_equal,64,scalar,1,2.4,2.3,0.0,2.3,2.5,0.12,1.103
k43_sum_ascii,all_equal,64,chunked,1,6.2,5.9,0.1,5.9,6.4,0.31,2.849
k43_sum_ascii,all_equal,64,swar,1,2.2,2.1,0.1,2.1,2.5,0.11,0.997
k43_sum_ascii,all_equal,64,sse2,1,2.4,2.4,0.0,2.4,2.5,0.12,1.102
k43_sum_ascii,all_equal,64,avx2,1,1.8,1.8,0.0,1.8,2.0,0.09,0.830
k43_sum_ascii,all_equal,64,multi,1,1.6,1.5,0.0,1.5,1.8,0.08,0.723
k43_sum_ascii,all_equal,65,orig,1,2.5,2.5,0.0,2.5,2.7,0.12,1.000
k43_sum_ascii,all_equal,65,scalar,1,2.5,2.4,0.0,2.4,2.6,0.12,0.991
k43_sum_ascii,all_equal,65,chunked,1,6.4,6.3,0.0,6.3,7.0,0.31,2.535
k43_sum_ascii,all_equal,65,swar,1,2.3,2.2,0.0,2.2,2.7,0.11,0.904
k43_sum_ascii,all_equal,65,sse2,1,2.3,2.2,0.0,2.2,2.4,0.11,0.924
k43_sum_ascii,all_equal,65,avx2,1,2.0,2.0,0.0,2.0,2.3,0.10,0.812
k43_sum_ascii,all_equal,65,multi,1,1.8,1.7,0.0,1.7,1.9,0.09,0.709
k43_sum_ascii,all_equal,256,orig,1,7.6,7.3,0.1,7.3,7.7,0.09,1.000
k43_sum_ascii,all_equal,256,scalar,1,7.8,7.6,0.1,7.6,8.4,0.10,1.034
k43_sum_ascii,all_equal,256,chunked,1,5.0,4.9,0.0,4.9,5.1,0.06,0.654
k43_sum_ascii,all_equal,256,swar,1,6.8,6.8,0.0,6.8,7.0,0.09,0.902
k43_sum_ascii,all_equal,256,sse2,1,2.7,2.6,0.0,2.6,2.8,0.03,0.350
k43_sum_ascii,all_equal,256,avx2,1,2.0,1.9,0.0,1.9,2.1,0.02,0.264
k43_sum_ascii,all_equal,256,multi,1,2.0,2.0,0.0,2.0,2.1,0.02,0.259
k43_sum_ascii,all_equal,4096,orig,1,113.0,112.1,0.5,112.1,118.5,0.09,1.000
k43_sum_ascii,all_equal,4096,scalar,1,113.0,112.6,0.3,112.6,114.3,0.09,1.000
k43_sum_ascii,all_equal,4096,chunked,1,71.1,70.6,0.3,70.6,73.1,0.06,0.629
k43_sum_ascii,all_equal,4096,swar,1,106.0,105.7,0.1,105.7,106.7,0.08,0.938
k43_sum_ascii,all_equal,4096,sse2,1,46.9,46.8,0.1,46.8,47.3,0.04,0.415
k43_sum_ascii,all_equal,4096,avx2,1,26.7,26.6,0.1,26.6,27.4,0.02,0.237
k43_sum_ascii,all_equal,4096,multi,1,26.9,26.7,0.1,26.7,27.5,0.02,0.238
k43_sum_ascii,all_equal,65536,orig,1,1808.2,1797.0,3.5,1797.0,1845.4,0.09,1.000
k43_sum_ascii,all_equal,65536,scalar,1,1810.7,1799.3,3.2,1799.3,1826.9,0.09,1.001
k43_sum_ascii,all_equal,65536,chunked,1,1133.8,1130.9,1.3,1130.9,1169.4,0.06,0.627
k43_sum_ascii,all_equal,65536,swar,1,1655.4,1653.8,1.0,1653.8,1789.0,0.08,0.915
k43_sum_ascii,all_equal,65536,sse2,1,742.7,739.2,2.5,739.2,805.0,0.04,0.411
k43_sum_ascii,all_equal,65536,avx2,1,548.0,544.2,2.3,544.2,625.6,0.03,0.303
k43_sum_ascii,all_equal,65536,multi,1,596.8,550.6,22.5,550.6,636.6,0.03,0.330
k50_count_masked,zero_match,16,orig,1,1.4,1.4,0.0,1.4,1.5,0.29,1.000
k50_count_masked,zero_match,16,scalar,1,1.8,1.8,0.0,1.8,2.3,0.36,1.235
k50_count_masked,zero_match,16,chunked,1,2.2,2.2,0.0,2.2,2.4,0.45,1.553
k50_count_masked,zero_match,16,swar,1,2.0,1.9,0.0,1.9,2.1,0.39,1.358
k50_count_masked,zero_match,16,sse2,1,1.3,1.2,0.0,1.2,1.4,0.25,0.872
k50_count_masked,zero_match,16,avx2,1,1.3,1.3,0.0,1.3,1.5,0.25,0.878
k50_count_masked,zero_match,16,multi,1,1.6,1.6,0.0,1.6,1.7,0.32,1.130
k50_count_masked,zero_match,17,orig,1,1.6,1.6,0.0,1.6,1.9,0.30,1.000
k50_count_masked,zero_match,17,scalar,1,2.0,1.9,0.0,1.9,2.2,0.37,1.218
k50_count_masked,zero_match,17,chunked,1,2.5,2.4,0.1,2.4,2.6,0.47,1.573
k50_count_masked,zero_match,17,swar,1,2.5,2.4,0.0,2.4,2.6,0.46,1.537
k50_count_masked,zero_match,17,sse2,1,1.6,1.6,0.0,1.6,1.7,0.30,1.003
k50_count_masked,zero_match,17,avx2,1,1.4,1.4,0.0,1.4,1.6,0.27,0.892
k50_count_masked,zero_match,17,multi,1,1.8,1.8,0.0,1.8,2.1,0.35,1.151
k50_count_masked,zero_match,31,orig,1,5.0,4.7,0.2,4.7,5.5,0.51,1.000
k50_count_masked,zero_match,31,scalar,1,6.0,5.7,0.1,5.7,6.4,0.62,1.207
k50_count_masked,zero_match,31,chunked,1,4.8,4.7,0.0,4.7,4.9,0.50,0.965
k50_count_masked,zero_match,31,swar,1,4.5,4.4,0.0,4.4,4.7,0.47,0.911
k50_count_masked,zero_match,31,sse2,1,5.4,5.4,0.0,5.4,6.5,0.56,1.094
k50_count_masked,zero_match,31,avx2,1,5.0,5.0,0.0,5.0,5.7,0.52,1.009
k50_count_masked,zero_match,31,multi,1,3.5,3.3,0.1,3.3,3.6,0.36,0.699
k50_count_masked,zero_match,32,orig,1,2.5,2.5,0.0,2.5,2.7,0.25,1.000
k50_count_masked,zero_match,32,scalar,1,2.9,2.8,0.0,2.8,3.1,0.29,1.125
k50_count_masked,zero_match,32,chunked,1,3.9,3.8,0.1,3.8,4.1,0.39,1.520
k50_count_masked,zero_match,32,swar,1,3.2,3.1,0.1,3.1,3.3,0.32,1.250
k50_count_masked,zero_match,32,sse2,1,1.6,1.6,0.0,1.6,1.8,0.16,0.635
k50_count_masked,zero_match,32,avx2,1,1.6,1.5,0.0,1.5,1.7,0.16,0.629
k50_count_masked,zero_match,32,multi,1,1.6,1.6,0.0,1.6,1.8,0.16,0.646
k50_count_masked,zero_match,33,orig,1,2.6,2.5,0.0,2.5,2.7,0.25,1.000
k50_count_masked,zero_match,33,scalar,1,2.9,2.8,0.1,2.8,3.0,0.28,1.108
k50_count_masked,zero_match,33,chunked,1,4.0,3.8,0.0,3.8,4.1,0.38,1.540
k50_count_masked,zero_match,33,swar,1,3.2,3.1,0.1,3.1,3.3,0.31,1.258
k50_count_masked,zero_match,33,sse2,1,1.9,1.8,0.0,1.8,2.0,0.18,0.732
k50_count_masked,zero_match,33,avx2,1,1.7,1.6,0.1,1.6,1.8,0.16,0.649
k50_count_masked,zero_match,33,multi,1,1.7,1.6,0.0,1.6,1.8,0.16,0.646
k50_count_masked,zero_match,63,orig,1,6.8,6.6,0.1,6.6,7.4,0.34,1.000
k50_count_masked,zero_match,63,scalar,1,6.9,6.8,0.1,6.8,7.3,0.35,1.026
k50_count_masked,zero_match,63,chunked,1,7.7,7.4,0.1,7.4,8.0,0.39,1.134
k50_count_masked,zero_match,63,swar,1,6.4,6.1,0.2,6.1,6.7,0.33,0.950
k50_count_masked,zero_match,63,sse2,1,6.0,5.8,0.1,5.8,6.3,0.31,0.890
k50_count_masked,zero_match,63,avx2,1,5.9,5.8,0.1,5.8,6.6,0.30,0.878
k50_count_masked,zero_match,63,multi,1,5.9,5.7,0.1,5.7,6.0,0.30,0.866
k50_count_masked,zero_match,64,orig,1,4.6,4.5,0.1,4.5,4.9,0.23,1.000
k50_count_masked,zero_match,64,scalar,1,5.0,4.9,0.1,4.9,5.4,0.25,1.101
k50_count_masked,zero_match,64,chunked,1,7.4,7.2,0.1,7.2,7.7,0.37,1.619
k50_count_masked,zero_match,64,swar,1,4.9,4.8,0.0,4.8,5.1,0.25,1.074
k50_count_masked,zero_match,64,sse2,1,2.0,1.8,0.1,1.8,2.2,0.10,0.434
k50_count_masked,zero_match,64,avx2,1,2.0,2.0,0.0,2.0,2.1,0.10,0.446
k50_count_masked,zero_match,64,multi,1,2.0,1.9,0.1,1.9,2.1,0.10,0.429
k50_count_masked,zero_match,65,orig,1,4.4,4.3,0.1,4.3,4.9,0.22,1.000
k50_count_masked,zero_match,65,scalar,1,4.8,4.8,0.0,4.8,5.0,0.24,1.096
k50_count_masked,zero_match,65,chunked,1,7.2,7.0,0.1,7.0,7.4,0.36,1.631
k50_count_masked,zero_match,65,swar,1,4.9,4.7,0.0,4.7,5.0,0.24,1.097
k50_count_masked,zero_match,65,sse2,1,2.1,2.0,0.1,2.0,2.2,0.10,0.480
k50_count_masked,zero_match,65,avx2,1,1.9,1.9,0.0,1.9,2.0,0.09,0.435
k50_count_masked,zero_match,65,multi,1,1.9,1.9,0.0,1.9,2.2,0.09,0.435
k50_count_masked,zero_match,256,orig,1,16.3,16.1,0.1,16.1,16.4,0.20,1.000
k50_count_masked,zero_match,256,scalar,1,16.7,16.7,0.0,16.7,17.4,0.21,1.029
k50_count_masked,zero_match,256,chunked,1,13.7,13.6,0.0,13.6,14.2,0.17,0.841
k50_count_masked,zero_match,256,swar,1,16.9,16.7,0.1,16.7,17.0,0.21,1.037
k50_count_masked,zero_match,256,sse2,1,4.9,4.8,0.1,4.8,5.0,0.06,0.301
k50_count_masked,zero_match,256,avx2,1,2.9,2.9,0.1,2.9,3.5,0.04,0.179
k50_count_masked,zero_match,256,multi,1,3.0,2.9,0.0,2.9,3.1,0.04,0.184
k50_count_masked,zero_match,4096,orig,1,256.3,255.8,0.3,255.8,262.5,0.20,1.000
k50_count_masked,zero_match,4096,scalar,1,256.3,255.9,0.2,255.9,262.8,0.20,1.000
k50_count_masked,zero_match,4096,chunked,1,216.0,214.0,0.6,214.0,221.3,0.17,0.843
k50_count_masked,zero_match,4096,swar,1,296.1,261.9,9.7,261.9,313.2,0.23,1.155
k50_count_masked,zero_match,4096,sse2,1,61.1,60.5,0.6,60.5,74.0,0.05,0.239
k50_count_masked,zero_match,4096,avx2,1,32.9,32.5,0.2,32.5,38.2,0.03,0.128
k50_count_masked,zero_match,4096,multi,1,32.8,32.5,0.1,32.5,33.5,0.03,0.128
k50_count_masked,zero_match,65536,orig,1,4109.9,4050.1,51.8,4050.1,4298.3,0.20,1.000
k50_count_masked,zero_match,65536,scalar,1,4065.0,4049.3,15.6,4049.3,4222.5,0.20,0.989
k50_count_masked,zero_match,65536,chunked,1,3447.1,3373.6,64.2,3373.6,3690.1,0.17,0.839
k50_count_masked,zero_match,65536,swar,1,4326.4,4147.6,135.4,4147.6,4665.3,0.21,1.053
k50_count_masked,zero_match,65536,sse2,1,1005.4,900.1,22.1,900.1,1071.2,0.05,0.245
k50_count_masked,zero_match,65536,avx2,1,591.2,553.2,30.8,553.2,657.2,0.03,0.144
k50_count_masked,zero_match,65536,multi,1,574.6,553.4,19.8,553.4,636.4,0.03,0.140
k50_count_masked,low_match,16,orig,1,1.4,1.4,0.0,1.4,1.5,0.29,1.000
k50_count_masked,low_match,16,scalar,1,1.8,1.8,0.0,1.8,1.9,0.36,1.253
k50_count_masked,low_match,16,chunked,1,2.3,2.3,0.0,2.3,2.4,0.46,1.588
k50_count_masked,low_match,16,swar,1,2.0,2.0,0.0,2.0,2.2,0.41,1.420
k50_count_masked,low_match,16,sse2,1,1.3,1.3,0.0,1.3,1.4,0.26,0.917
k50_count_masked,low_match,16,avx2,1,1.4,1.3,0.0,1.3,1.9,0.27,0.947
k50_count_masked,low_match,16,multi,1,1.7,1.7,0.0,1.7,1.8,0.34,1.183
k50_count_masked,low_match,17,orig,1,1.6,1.5,0.0,1.5,1.7,0.30,1.000
k50_count_masked,low_match,17,scalar,1,1.9,1.9,0.0,1.9,2.4,0.37,1.234
k50_count_masked,low_match,17,chunked,1,2.5,2.5,0.0,2.5,2.7,0.47,1.574
k50_count_masked,low_match,17,swar,1,2.4,2.3,0.0,2.3,2.5,0.46,1.545
k50_count_masked,low_match,17,sse2,1,1.6,1.6,0.0,1.6,1.6,0.30,1.012
k50_count_masked,low_match,17,avx2,1,1.5,1.4,0.1,1.4,1.7,0.28,0.932
k50_count_masked,low_match,17,multi,1,1.8,1.8,0.0,1.8,1.9,0.34,1.147
k50_count_masked,low_match,31,orig,1,4.9,4.8,0.1,4.8,5.4,0.51,1.000
k50_count_masked,low_match,31,scalar,1,6.0,6.0,0.0,6.0,6.3,0.62,1.223
k50_count_masked,low_match,31,chunked,1,4.8,4.7,0.0,4.7,5.3,0.49,0.966
k50_count_masked,low_match,31,swar,1,4.4,4.4,0.0,4.4,4.5,0.46,0.901
k50_count_masked,low_match,31,sse2,1,5.5,5.4,0.1,5.4,5.8,0.57,1.114
k50_count_masked,low_match,31,avx2,1,5.6,5.0,0.0,5.0,5.7,0.58,1.137
k50_count_masked,low_match,31,multi,1,3.4,3.3,0.0,3.3,3.7,0.35,0.688
k50_count_masked,low_match,32,orig,1,2.5,2.4,0.0,2.4,3.2,0.25,1.000
k50_count_masked,low_match,32,scalar,1,2.8,2.8,0.0,2.8,2.9,0.28,1.133
k50_count_masked,low_match,32,chunked,1,3.8,3.8,0.0,3.8,4.1,0.38,1.542
k50_count_masked,low_match,32,swar,1,3.1,3.1,0.0,3.1,3.3,0.31,1.252
k50_count_masked,low_match,32,sse2,1,1.6,1.6,0.0,1.6,1.7,0.16,0.647
k50_count_masked,low_match,32,avx2,1,1.7,1.6,0.0,1.6,1.8,0.17,0.698
k50_count_masked,low_match,32,multi,1,1.6,1.6,0.0,1.6,1.7,0.16,0.635
k50_count_masked,low_match,33,orig,1,2.5,2.4,0.0,2.4,2.5,0.24,1.000
k50_count_masked,low_match,33,scalar,1,2.8,2.8,0.0,2.8,2.9,0.27,1.136
k50_count_masked,low_match,33,chunked,1,3.9,3.8,0.0,3.8,11.9,0.38,1.585
k50_count_masked,low_match,33,swar,1,3.2,3.1,0.1,3.1,12.3,0.31,1.284
k50_count_masked,low_match,33,sse2,1,1.8,1.8,0.0,1.8,1.9,0.18,0.747
k50_count_masked,low_match,33,avx2,1,1.7,1.7,0.0,1.7,1.8,0.16,0.686
k50_count_masked,low_match,33,multi,1,1.6,1.6,0.1,1.6,10.1,0.16,0.664
k50_count_masked,low_match,63,orig,1,6.7,6.6,0.1,6.6,14.9,0.34,1.000
k50_count_masked,low_match,63,scalar,1,7.0,6.8,0.2,6.8,15.6,0.36,1.044
k50_count_masked,low_match,63,chunked,1,7.5,7.4,0.0,7.4,14.9,0.38,1.114
k50_count_masked,low_match,63,swar,1,6.1,6.0,0.1,6.0,14.4,0.31,0.904
k50_count_masked,low_match,63,sse2,1,5.6,5.6,0.0,5.6,14.6,0.29,0.841
k50_count_masked,low_match,63,avx2,1,5.6,5.6,0.1,5.6,14.2,0.29,0.843
k50_count_masked,low_match,63,multi,1,5.8,5.6,0.1,5.6,9.7,0.29,0.866
k50_count_masked,low_match,64,orig,1,4.4,4.3,0.0,4.3,4.8,0.22,1.000
k50_count_masked,low_match,64,scalar,1,4.8,4.8,0.1,4.8,6.0,0.24,1.112
k50_count_masked,low_match,64,chunked,1,7.1,7.0,0.1,7.0,15.4,0.35,1.627
k50_count_masked,low_match,64,swar,1,4.8,4.7,0.1,4.7,13.4,0.24,1.097
k50_count_masked,low_match,64,sse2,1,1.7,1.7,0.0,1.7,1.8,0.09,0.391
k50_count_masked,low_match,64,avx2,1,1.8,1.8,0.0,1.8,10.6,0.09,0.407
k50_count_masked,low_match,64,multi,1,1.7,1.7,0.0,1.7,5.7,0.09,0.401
k50_count_masked,low_match,65,orig,1,4.4,4.3,0.1,4.3,10.1,0.22,1.000
k50_count_masked,low_match,65,scalar,1,4.9,4.8,0.1,4.8,12.5,0.24,1.112
k50_count_masked,low_match,65,chunked,1,7.1,7.0,0.1,7.0,15.6,0.35,1.616
k50_count_masked,low_match,65,swar,1,4.8,4.7,0.0,4.7,14.3,0.24,1.100
k50_count_masked,low_match,65,sse2,1,2.1,2.0,0.1,2.0,11.9,0.10,0.477
k50_count_masked,low_match,65,avx2,1,2.0,1.9,0.0,1.9,6.2,0.10,0.443
k50_count_masked,low_match,65,multi,1,1.8,1.8,0.0,1.8,2.0,0.09,0.419
k50_count_masked,low_match,256,orig,1,16.4,16.2,0.2,16.2,25.8,0.20,1.000
k50_count_masked,low_match,256,scalar,1,16.8,16.6,0.1,16.6,29.0,0.21,1.026
k50_count_masked,low_match,256,chunked,1,13.6,13.5,0.1,13.5,13.8,0.17,0.833
k50_count_masked,low_match,256,swar,1,17.0,16.7,0.1,16.7,17.9,0.21,1.037
k50_count_masked,low_match,256,sse2,1,4.8,4.8,0.0,4.8,4.9,0.06,0.292
k50_count_masked,low_match,256,avx2,1,2.9,2.8,0.0,2.8,3.0,0.04,0.175
k50_count_masked,low_match,256,multi,1,2.9,2.9,0.0,2.9,3.4,0.04,0.179
k50_count_masked,low_match,4096,orig,1,255.8,255.0,0.5,255.0,260.3,0.20,1.000
k50_count_masked,low_match,4096,scalar,1,255.5,255.1,0.3,255.1,256.5,0.20,0.999
k50_count_masked,low_match,4096,chunked,1,215.4,214.1,0.5,214.1,218.4,0.17,0.842
k50_count_masked,low_match,4096,swar,1,261.0,260.4,0.3,260.4,290.1,0.20,1.020
k50_count_masked,low_match,4096,sse2,1,72.8,60.7,0.8,60.7,96.0,0.06,0.285
k50_count_masked,low_match,4096,avx2,1,33.5,32.4,1.1,32.4,45.2,0.03,0.131
k50_count_masked,low_match,4096,multi,1,35.7,32.5,3.2,32.5,45.3,0.03,0.140
k50_count_masked,low_match,65536,orig,1,4146.2,4068.2,74.5,4068.2,4550.6,0.20,1.000
k50_count_masked,low_match,65536,scalar,1,4056.7,4045.5,5.7,4045.5,4082.5,0.20,0.978
k50_count_masked,low_match,65536,chunked,1,3385.2,3369.8,8.5,3369.8,3766.0,0.17,0.816
k50_count_masked,low_match,65536,swar,1,4185.2,4132.8,51.3,4132.8,4600.7,0.20,1.009
k50_count_masked,low_match,65536,sse2,1,906.8,901.9,2.4,901.9,934.2,0.04,0.219
k50_count_masked,low_match,65536,avx2,1,566.0,557.0,9.0,557.0,648.6,0.03,0.137
k50_count_masked,low_match,65536,multi,1,562.3,556.7,4.9,556.7,650.6,0.03,0.136
k50_count_masked,quarter_match,16,orig,1,1.4,1.4,0.0,1.4,1.7,0.29,1.000
k50_count_masked,quarter_match,16,scalar,1,1.8,1.8,0.0,1.8,1.9,0.36,1.247
k50_count_masked,quarter_match,16,chunked,1,2.3,2.2,0.0,2.2,2.4,0.46,1.589
k50_count_masked,quarter_match,16,swar,1,2.2,2.1,0.0,2.1,2.4,0.44,1.520
k50_count_masked,quarter_match,16,sse2,1,1.3,1.2,0.0,1.2,1.7,0.26,0.915
k50_count_masked,quarter_match,16,avx2,1,1.3,1.3,0.0,1.3,1.4,0.26,0.917
k50_count_masked,quarter_match,16,multi,1,1.7,1.7,0.0,1.7,1.9,0.34,1.181
k50_count_masked,quarter_match,17,orig,1,1.6,1.6,0.0,1.6,1.9,0.30,1.000
k50_count_masked,quarter_match,17,scalar,1,2.0,1.9,0.0,1.9,2.0,0.37,1.216
k50_count_masked,quarter_match,17,chunked,1,2.5,2.4,0.0,2.4,2.6,0.46,1.529
k50_count_masked,quarter_match,17,swar,1,2.5,2.5,0.1,2.5,3.0,0.48,1.580
k50_count_masked,quarter_match,17,sse2,1,1.6,1.6,0.1,1.6,1.8,0.31,1.024
k50_count_masked,quarter_match,17,avx2,1,1.4,1.4,0.0,1.4,1.7,0.26,0.875
k50_count_masked,quarter_match,17,multi,1,1.8,1.8,0.0,1.8,2.0,0.34,1.126
k50_count_masked,quarter_match,31,orig,1,4.8,4.8,0.0,4.8,5.8,0.50,1.000
k50_count_masked,quarter_match,31,scalar,1,6.1,5.8,0.1,5.8,6.4,0.63,1.264
k50_count_masked,quarter_match,31,chunked,1,4.8,4.7,0.0,4.7,5.1,0.50,0.997
k50_count_masked,quarter_match,31,swar,1,4.6,4.5,0.1,4.5,5.1,0.48,0.955
k50_count_masked,quarter_match,31,sse2,1,5.5,5.4,0.1,5.4,5.9,0.57,1.137
k50_count_masked,quarter_match,31,avx2,1,5.6,5.1,0.1,5.1,5.8,0.58,1.160
k50_count_masked,quarter_match,31,multi,1,3.4,3.3,0.1,3.3,3.6,0.36,0.714
k50_count_masked,quarter_match,32,orig,1,2.4,2.4,0.0,2.4,2.5,0.24,1.000
k50_count_masked,quarter_match,32,scalar,1,2.8,2.8,0.0,2.8,3.0,0.28,1.166
k50_count_masked,quarter_match,32,chunked,1,3.9,3.8,0.1,3.8,4.2,0.39,1.619
k50_count_masked,quarter_match,32,swar,1,3.3,3.3,0.0,3.3,3.5,0.33,1.384
k50_count_masked,quarter_match,32,sse2,1,1.6,1.6,0.0,1.6,1.7,0.16,0.674
k50_count_masked,quarter_match,32,avx2,1,1.7,1.6,0.1,1.6,1.9,0.17,0.695
k50_count_masked,quarter_match,32,multi,1,1.7,1.6,0.1,1.6,1.9,0.17,0.719
k50_count_masked,quarter_match,33,orig,1,2.5,2.4,0.0,2.4,2.6,0.24,1.000
k50_count_masked,quarter_match,33,scalar,1,2.9,2.8,0.0,2.8,3.1,0.28,1.154
k50_count_masked,quarter_match,33,chunked,1,3.9,3.8,0.0,3.8,4.1,0.38,1.570
k50_count_masked,quarter_match,33,swar,1,3.3,3.3,0.0,3.3,3.5,0.32,1.352
k50_count_masked,quarter_match,33,sse2,1,1.9,1.8,0.0,1.8,2.3,0.18,0.762
k50_count_masked,quarter_match,33,avx2,1,1.6,1.6,0.1,1.6,1.8,0.16,0.665
k50_count_masked,quarter_match,33,multi,1,1.6,1.6,0.0,1.6,1.8,0.16,0.655
k50_count_masked,quarter_match,63,orig,1,6.8,6.6,0.1,6.6,7.5,0.34,1.000
k50_count_masked,quarter_match,63,scalar,1,6.9,6.8,0.1,6.8,7.6,0.35,1.022
k50_count_masked,quarter_match,63,chunked,1,7.5,7.4,0.1,7.4,8.2,0.38,1.110
k50_count_masked,quarter_match,63,swar,1,6.4,6.3,0.0,6.3,6.6,0.32,0.943
k50_count_masked,quarter_match,63,sse2,1,5.7,5.6,0.1,5.6,5.8,0.29,0.840
k50_count_masked,quarter_match,63,avx2,1,5.8,5.6,0.0,5.6,6.0,0.30,0.863
k50_count_masked,quarter_match,63,multi,1,5.8,5.7,0.1,5.7,6.1,0.30,0.865
k50_count_masked,quarter_match,64,orig,1,4.4,4.4,0.0,4.4,4.5,0.22,1.000
k50_count_masked,quarter_match,64,scalar,1,4.9,4.8,0.1,4.8,4.9,0.24,1.100
k50_count_masked,quarter_match,64,chunked,1,7.2,7.0,0.1,7.0,7.4,0.36,1.628
k50_count_masked,quarter_match,64,swar,1,4.9,4.7,0.1,4.7,6.0,0.24,1.098
k50_count_masked,quarter_match,64,sse2,1,1.7,1.7,0.0,1.7,1.9,0.09,0.387
k50_count_masked,quarter_match,64,avx2,1,1.8,1.7,0.0,1.7,2.4,0.09,0.404
k50_count_masked,quarter_match,64,multi,1,1.8,1.8,0.0,1.8,2.1,0.09,0.410
k50_count_masked,quarter_match,65,orig,1,4.4,4.3,0.1,4.3,4.6,0.22,1.000
k50_count_masked,quarter_match,65,scalar,1,4.9,4.8,0.0,4.8,5.0,0.24,1.099
k50_count_masked,quarter_match,65,chunked,1,7.2,7.1,0.1,7.1,7.5,0.35,1.622
k50_count_masked,quarter_match,65,swar,1,4.9,4.8,0.1,4.8,5.1,0.24,1.114
k50_count_masked,quarter_match,65,sse2,1,2.0,2.0,0.0,2.0,2.4,0.10,0.461
k50_count_masked,quarter_match,65,avx2,1,1.9,1.9,0.0,1.9,2.2,0.09,0.426
k50_count_masked,quarter_match,65,multi,1,1.9,1.9,0.0,1.9,2.1,0.09,0.429
k50_count_masked,quarter_match,256,orig,1,16.3,16.2,0.1,16.2,16.5,0.20,1.000
k50_count_masked,quarter_match,256,scalar,1,16.9,16.7,0.1,16.7,17.2,0.21,1.034
k50_count_masked,quarter_match,256,chunked,1,13.8,13.6,0.2,13.6,15.0,0.17,0.846
k50_count_masked,quarter_match,256,swar,1,17.0,16.7,0.1,16.7,17.2,0.21,1.038
k50_count_masked,quarter_match,256,sse2,1,4.8,4.8,0.1,4.8,5.0,0.06,0.297
k50_count_masked,quarter_match,256,avx2,1,2.9,2.8,0.1,2.8,3.5,0.04,0.178
k50_count_masked,quarter_match,256,multi,1,2.8,2.8,0.0,2.8,3.6,0.04,0.174
k50_count_masked,quarter_match,4096,orig,1,256.3,255.8,0.4,255.8,258.4,0.20,1.000
k50_count_masked,quarter_match,4096,scalar,1,256.6,255.7,0.4,255.7,258.5,0.20,1.001
k50_count_masked,quarter_match,4096,chunked,1,243.5,215.6,13.5,215.6,258.2,0.19,0.950
k50_count_masked,quarter_match,4096,swar,1,260.8,260.4,0.1,260.4,287.3,0.20,1.018
k50_count_masked,quarter_match,4096,sse2,1,61.3,60.8,0.4,60.8,64.4,0.05,0.239
k50_count_masked,quarter_match,4096,avx2,1,32.8,32.6,0.1,32.6,34.6,0.03,0.128
k50_count_masked,quarter_match,4096,multi,1,32.9,32.7,0.2,32.7,33.7,0.03,0.129
k50_count_masked,quarter_match,65536,orig,1,4073.2,4039.6,14.7,4039.6,4200.8,0.20,1.000
k50_count_masked,quarter_match,65536,scalar,1,4423.2,4056.6,106.8,4056.6,4596.7,0.22,1.086
k50_count_masked,quarter_match,65536,chunked,1,3675.8,3517.5,75.6,3517.5,3839.5,0.18,0.902
k50_count_masked,quarter_match,65536,swar,1,4610.3,4232.2,86.1,4232.2,4735.6,0.23,1.132
k50_count_masked,quarter_match,65536,sse2,1,902.1,900.0,1.1,900.0,915.3,0.04,0.221
k50_count_masked,quarter_match,65536,avx2,1,559.1,555.2,2.6,555.2,593.4,0.03,0.137
k50_count_masked,quarter_match,65536,multi,1,558.4,555.9,1.2,555.9,561.9,0.03,0.137
k50_count_masked,half_match,16,orig,1,1.5,1.4,0.1,1.4,1.6,0.30,1.000
k50_count_masked,half_match,16,scalar,1,1.8,1.8,0.0,1.8,1.9,0.37,1.237
k50_count_masked,half_match,16,chunked,1,2.3,2.3,0.0,2.3,2.4,0.46,1.551
k50_count_masked,half_match,16,swar,1,3.4,3.3,0.1,3.3,3.5,0.68,2.273
k50_count_masked,half_match,16,sse2,1,1.3,1.2,0.0,1.2,1.3,0.25,0.846
k50_count_masked,half_match,16,avx2,1,1.3,1.3,0.0,1.3,1.4,0.26,0.873
k50_count_masked,half_match,16,multi,1,1.7,1.7,0.0,1.7,1.8,0.34,1.136
k50_count_masked,half_match,17,orig,1,1.7,1.6,0.0,1.6,1.8,0.31,1.000
k50_count_masked,half_match,17,scalar,1,2.0,2.0,0.0,2.0,2.1,0.38,1.207
k50_count_masked,half_match,17,chunked,1,2.5,2.4,0.0,2.4,2.6,0.46,1.478
k50_count_masked,half_match,17,swar,1,3.6,3.6,0.0,3.6,3.8,0.68,2.182
k50_count_masked,half_match,17,sse2,1,1.6,1.6,0.0,1.6,1.7,0.31,0.972
k50_count_masked,half_match,17,avx2,1,1.7,1.4,0.0,1.4,1.8,0.32,1.022
k50_count_masked,half_match,17,multi,1,1.8,1.8,0.0,1.8,1.9,0.35,1.108
k50_count_masked,half_match,31,orig,1,5.0,4.8,0.1,4.8,5.2,0.51,1.000
k50_count_masked,half_match,31,scalar,1,6.0,6.0,0.0,6.0,6.4,0.62,1.208
k50_count_masked,half_match,31,chunked,1,4.8,4.7,0.1,4.7,5.5,0.49,0.961
k50_count_masked,half_match,31,swar,1,6.4,6.2,0.1,6.2,6.6,0.66,1.287
k50_count_masked,half_match,31,sse2,1,5.5,5.4,0.0,5.4,5.7,0.57,1.103
k50_count_masked,half_match,31,avx2,1,5.7,5.0,0.1,5.0,5.8,0.59,1.149
k50_count_masked,half_match,31,multi,1,3.4,3.3,0.1,3.3,3.8,0.35,0.691
k50_count_masked,half_match,32,orig,1,2.5,2.5,0.0,2.5,2.7,0.25,1.000
k50_count_masked,half_match,32,scalar,1,2.9,2.8,0.1,2.8,3.0,0.29,1.157
k50_count_masked,half_match,32,chunked,1,3.9,3.8,0.1,3.8,4.1,0.39,1.551
k50_count_masked,half_match,32,swar,1,5.0,4.9,0.1,4.9,5.2,0.50,2.009
k50_count_masked,half_match,32,sse2,1,1.6,1.6,0.0,1.6,1.7,0.16,0.659
k50_count_masked,half_match,32,avx2,1,1.6,1.6,0.0,1.6,1.7,0.16,0.659
k50_count_masked,half_match,32,multi,1,1.6,1.6,0.0,1.6,1.7,0.16,0.644
k50_count_masked,half_match,33,orig,1,2.5,2.5,0.0,2.5,2.6,0.24,1.000
k50_count_masked,half_match,33,scalar,1,2.9,2.8,0.0,2.8,2.9,0.28,1.152
k50_count_masked,half_match,33,chunked,1,4.0,3.9,0.1,3.9,4.1,0.38,1.600
k50_count_masked,half_match,33,swar,1,5.3,5.2,0.1,5.2,5.5,0.52,2.150
k50_count_masked,half_match,33,sse2,1,1.9,1.8,0.0,1.8,2.0,0.18,0.760
k50_count_masked,half_match,33,avx2,1,1.8,1.7,0.1,1.7,1.9,0.17,0.711
k50_count_masked,half_match,33,multi,1,1.6,1.6,0.0,1.6,1.8,0.16,0.665
k50_count_masked,half_match,63,orig,1,6.7,6.6,0.0,6.6,7.0,0.34,1.000
k50_count_masked,half_match,63,scalar,1,7.0,6.8,0.1,6.8,8.0,0.35,1.039
k50_count_masked,half_match,63,chunked,1,7.6,7.4,0.1,7.4,7.8,0.39,1.140
k50_count_masked,half_match,63,swar,1,10.0,9.7,0.1,9.7,10.2,0.51,1.489
k50_count_masked,half_match,63,sse2,1,5.8,5.6,0.1,5.6,6.6,0.30,0.869
k50_count_masked,half_match,63,avx2,1,5.9,5.8,0.1,5.8,6.0,0.30,0.882
k50_count_masked,half_match,63,multi,1,5.6,5.6,0.1,5.6,5.9,0.29,0.842
k50_count_masked,half_match,64,orig,1,4.4,4.4,0.1,4.4,4.7,0.22,1.000
k50_count_masked,half_match,64,scalar,1,4.9,4.8,0.1,4.8,4.9,0.24,1.101
k50_count_masked,half_match,64,chunked,1,7.1,7.0,0.0,7.0,7.5,0.35,1.604
k50_count_masked,half_match,64,swar,1,4.8,4.7,0.0,4.7,5.2,0.24,1.090
k50_count_masked,half_match,64,sse2,1,1.7,1.7,0.0,1.7,2.1,0.09,0.388
k50_count_masked,half_match,64,avx2,1,1.8,1.7,0.0,1.7,1.9,0.09,0.403
k50_count_masked,half_match,64,multi,1,1.9,1.8,0.0,1.8,1.9,0.09,0.420
k50_count_masked,half_match,65,orig,1,4.5,4.4,0.1,4.4,4.8,0.22,1.000
k50_count_masked,half_match,65,scalar,1,4.9,4.8,0.1,4.8,5.0,0.24,1.082
k50_count_masked,half_match,65,chunked,1,7.1,7.0,0.0,7.0,7.3,0.35,1.568
k50_count_masked,half_match,65,swar,1,4.9,4.7,0.0,4.7,4.9,0.24,1.074
k50_count_masked,half_match,65,sse2,1,2.1,2.0,0.1,2.0,2.2,0.10,0.467
k50_count_masked,half_match,65,avx2,1,1.9,1.9,0.0,1.9,2.0,0.09,0.424
k50_count_masked,half_match,65,multi,1,1.9,1.9,0.0,1.9,2.1,0.09,0.426
k50_count_masked,half_match,256,orig,1,16.3,16.1,0.0,16.1,16.8,0.20,1.000
k50_count_masked,half_match,256,scalar,1,16.7,16.6,0.0,16.6,17.3,0.21,1.027
k50_count_masked,half_match,256,chunked,1,13.7,13.6,0.0,13.6,13.8,0.17,0.839
k50_count_masked,half_match,256,swar,1,16.9,16.7,0.1,16.7,17.5,0.21,1.035
k50_count_masked,half_match,256,sse2,1,4.8,4.8,0.0,4.8,5.0,0.06,0.295
k50_count_masked,half_match,256,avx2,1,2.9,2.9,0.0,2.9,3.0,0.04,0.179
k50_count_masked,half_match,256,multi,1,2.9,2.8,0.0,2.8,3.0,0.04,0.179
k50_count_masked,half_match,4096,orig,1,255.6,254.9,0.2,254.9,257.1,0.20,1.000
k50_count_masked,half_match,4096,scalar,1,256.2,254.9,1.0,254.9,259.9,0.20,1.002
k50_count_masked,half_match,4096,chunked,1,215.4,214.9,0.4,214.9,216.3,0.17,0.843
k50_count_masked,half_match,4096,swar,1,261.3,260.8,0.4,260.8,262.9,0.20,1.022
k50_count_masked,half_match,4096,sse2,1,66.9,60.6,5.3,60.6,73.0,0.05,0.262
k50_count_masked,half_match,4096,avx2,1,33.2,32.5,0.7,32.5,39.7,0.03,0.130
k50_count_masked,half_match,4096,multi,1,32.8,32.5,0.1,32.5,33.7,0.03,0.128
k50_count_masked,half_match,65536,orig,1,4360.2,4059.9,112.8,4059.9,4531.8,0.21,1.000
k50_count_masked,half_match,65536,scalar,1,4132.9,4045.7,65.0,4045.7,4554.9,0.20,0.948
k50_count_masked,half_match,65536,chunked,1,3514.3,3375.7,89.4,3375.7,3877.2,0.17,0.806
k50_count_masked,half_match,65536,swar,1,4332.5,4130.0,94.2,4130.0,4645.4,0.21,0.994
k50_count_masked,half_match,65536,sse2,1,928.3,904.8,22.8,904.8,1042.6,0.05,0.213
k50_count_masked,half_match,65536,avx2,1,558.2,555.6,0.9,555.6,563.4,0.03,0.128
k50_count_masked,half_match,65536,multi,1,558.9,556.6,1.2,556.6,608.5,0.03,0.128
k50_count_masked,high_match,16,orig,1,1.4,1.4,0.0,1.4,1.6,0.29,1.000
k50_count_masked,high_match,16,scalar,1,1.8,1.8,0.0,1.8,1.9,0.37,1.281
k50_count_masked,high_match,16,chunked,1,2.3,2.3,0.0,2.3,2.4,0.46,1.614
k50_count_masked,high_match,16,swar,1,3.2,3.1,0.1,3.1,3.3,0.64,2.210
k50_count_masked,high_match,16,sse2,1,1.3,1.3,0.0,1.3,1.6,0.27,0.925
k50_count_masked,high_match,16,avx2,1,1.3,1.3,0.0,1.3,1.4,0.26,0.913
k50_count_masked,high_match,16,multi,1,1.6,1.6,0.0,1.6,1.7,0.33,1.132
k50_count_masked,high_match,17,orig,1,1.6,1.5,0.0,1.5,1.7,0.30,1.000
k50_count_masked,high_match,17,scalar,1,2.0,1.9,0.0,1.9,2.7,0.38,1.268
k50_count_masked,high_match,17,chunked,1,2.5,2.5,0.0,2.5,2.6,0.47,1.576
k50_count_masked,high_match,17,swar,1,3.4,3.3,0.1,3.3,3.7,0.64,2.160
k50_count_masked,high_match,17,sse2,1,1.6,1.6,0.0,1.6,1.7,0.31,1.041
k50_count_masked,high_match,17,avx2,1,1.4,1.4,0.0,1.4,1.7,0.27,0.911
k50_count_masked,high_match,17,multi,1,1.8,1.8,0.0,1.8,1.9,0.34,1.161
k50_count_masked,high_match,31,orig,1,4.9,4.8,0.0,4.8,5.1,0.50,1.000
k50_count_masked,high_match,31,scalar,1,6.0,6.0,0.0,6.0,6.1,0.62,1.232
k50_count_masked,high_match,31,chunked,1,4.8,4.7,0.0,4.7,5.5,0.50,0.987
k50_count_masked,high_match,31,swar,1,6.1,6.0,0.1,6.0,6.4,0.63,1.255
k50_count_masked,high_match,31,sse2,1,5.5,5.4,0.1,5.4,5.6,0.57,1.126
k50_count_masked,high_match,31,avx2,1,5.6,5.6,0.0,5.6,5.7,0.58,1.151
k50_count_masked,high_match,31,multi,1,3.4,3.4,0.0,3.4,3.6,0.35,0.698
k50_count_masked,high_match,32,orig,1,2.4,2.4,0.0,2.4,3.1,0.24,1.000
k50_count_masked,high_match,32,scalar,1,2.8,2.8,0.0,2.8,2.9,0.28,1.161
k50_count_masked,high_match,32,chunked,1,3.9,3.8,0.1,3.8,4.1,0.39,1.583
k50_count_masked,high_match,32,swar,1,4.9,4.7,0.0,4.7,5.1,0.49,1.996
k50_count_masked,high_match,32,sse2,1,1.6,1.6,0.0,1.6,1.7,0.16,0.674
k50_count_masked,high_match,32,avx2,1,1.6,1.6,0.0,1.6,1.7,0.16,0.671
k50_count_masked,high_match,32,multi,1,1.6,1.6,0.0,1.6,1.7,0.16,0.660
k50_count_masked,high_match,33,orig,1,2.4,2.4,0.0,2.4,2.6,0.24,1.000
k50_count_masked,high_match,33,scalar,1,2.9,2.8,0.1,2.8,3.1,0.28,1.184
k50_count_masked,high_match,33,chunked,1,4.0,3.9,0.1,3.9,4.7,0.39,1.657
k50_count_masked,high_match,33,swar,1,5.2,5.0,0.1,5.0,5.3,0.50,2.113
k50_count_masked,high_match,33,sse2,1,1.9,1.8,0.0,1.8,1.9,0.18,0.763
k50_count_masked,high_match,33,avx2,1,1.7,1.7,0.1,1.7,1.8,0.17,0.699
k50_count_masked,high_match,33,multi,1,1.6,1.6,0.0,1.6,1.9,0.16,0.674
k50_count_masked,high_match,63,orig,1,6.7,6.6,0.1,6.6,6.9,0.34,1.000
k50_count_masked,high_match,63,scalar,1,7.0,6.8,0.1,6.8,7.8,0.36,1.054
k50_count_masked,high_match,63,chunked,1,7.6,7.4,0.1,7.4,7.7,0.39,1.137
k50_count_masked,high_match,63,swar,1,9.4,9.2,0.0,9.2,9.6,0.48,1.411
k50_count_masked,high_match,63,sse2,1,5.7,5.6,0.1,5.6,6.0,0.29,0.855
k50_count_masked,high_match,63,avx2,1,5.9,5.8,0.1,5.8,6.1,0.30,0.888
k50_count_masked,high_match,63,multi,1,5.7,5.6,0.1,5.6,6.0,0.29,0.861
k50_count_masked,high_match,64,orig,1,4.4,4.3,0.0,4.3,4.6,0.22,1.000
k50_count_masked,high_match,64,scalar,1,4.8,4.8,0.1,4.8,5.0,0.24,1.096
k50_count_masked,high_match,64,chunked,1,7.2,7.0,0.0,7.0,7.3,0.36,1.627
k50_count_masked,high_match,64,swar,1,4.7,4.7,0.0,4.7,4.9,0.24,1.074
k50_count_masked,high_match,64,sse2,1,1.8,1.7,0.0,1.7,1.9,0.09,0.413
k50_count_masked,high_match,64,avx2,1,1.9,1.9,0.0,1.9,2.0,0.09,0.428
k50_count_masked,high_match,64,multi,1,1.9,1.8,0.0,1.8,2.0,0.09,0.428
k50_count_masked,high_match,65,orig,1,4.4,4.3,0.1,4.3,4.6,0.22,1.000
k50_count_masked,high_match,65,scalar,1,4.8,4.8,0.1,4.8,5.4,0.24,1.098
k50_count_masked,high_match,65,chunked,1,7.2,7.0,0.1,7.0,7.5,0.35,1.622
k50_count_masked,high_match,65,swar,1,4.8,4.7,0.0,4.7,5.0,0.24,1.097
k50_count_masked,high_match,65,sse2,1,2.1,2.0,0.0,2.0,2.2,0.11,0.485
k50_count_masked,high_match,65,avx2,1,2.0,2.0,0.0,2.0,2.1,0.10,0.445
k50_count_masked,high_match,65,multi,1,2.0,1.9,0.0,1.9,2.1,0.10,0.452
k50_count_masked,high_match,256,orig,1,16.2,16.1,0.0,16.1,16.7,0.20,1.000
k50_count_masked,high_match,256,scalar,1,16.7,16.6,0.1,16.6,17.5,0.21,1.031
k50_count_masked,high_match,256,chunked,1,13.6,13.5,0.0,13.5,13.7,0.17,0.841
k50_count_masked,high_match,256,swar,1,16.9,16.8,0.1,16.8,17.3,0.21,1.039
k50_count_masked,high_match,256,sse2,1,4.8,4.8,0.0,4.8,4.9,0.06,0.296
k50_count_masked,high_match,256,avx2,1,3.0,2.9,0.0,2.9,3.1,0.04,0.182
k50_count_masked,high_match,256,multi,1,2.9,2.9,0.0,2.9,3.0,0.04,0.180
k50_count_masked,high_match,4096,orig,1,255.6,255.2,0.3,255.2,257.2,0.20,1.000
k50_count_masked,high_match,4096,scalar,1,256.2,255.2,0.7,255.2,261.0,0.20,1.002
k50_count_masked,high_match,4096,chunked,1,214.1,213.9,0.2,213.9,214.9,0.17,0.838
k50_count_masked,high_match,4096,swar,1,261.1,260.4,0.6,260.4,278.5,0.20,1.022
k50_count_masked,high_match,4096,sse2,1,60.6,60.4,0.1,60.4,63.2,0.05,0.237
k50_count_masked,high_match,4096,avx2,1,32.8,32.5,0.1,32.5,35.4,0.03,0.128
k50_count_masked,high_match,4096,multi,1,32.7,32.5,0.1,32.5,33.1,0.03,0.128
k50_count_masked,high_match,65536,orig,1,4112.0,4044.4,55.8,4044.4,4386.8,0.20,1.000
k50_count_masked,high_match,65536,scalar,1,4073.4,4044.1,29.3,4044.1,4632.9,0.20,0.991
k50_count_masked,high_match,65536,chunked,1,3389.9,3369.2,18.0,3369.2,3670.0,0.17,0.824
k50_count_masked,high_match,65536,swar,1,4211.9,4141.3,70.7,4141.3,4673.4,0.21,1.024
k50_count_masked,high_match,65536,sse2,1,989.9,912.0,30.5,912.0,1053.2,0.05,0.241
k50_count_masked,high_match,65536,avx2,1,624.0,553.3,11.1,553.3,641.4,0.03,0.152
k50_count_masked,high_match,65536,multi,1,562.8,553.4,8.6,553.4,631.2,0.03,0.137
k50_count_masked,all_match,16,orig,1,1.4,1.4,0.0,1.4,2.2,0.29,1.000
k50_count_masked,all_match,16,scalar,1,1.8,1.8,0.0,1.8,2.2,0.36,1.243
k50_count_masked,all_match,16,chunked,1,2.3,2.2,0.0,2.2,2.5,0.46,1.592
k50_count_masked,all_match,16,swar,1,3.1,3.0,0.0,3.0,3.7,0.62,2.163
k50_count_masked,all_match,16,sse2,1,1.3,1.2,0.0,1.2,1.3,0.25,0.879
k50_count_masked,all_match,16,avx2,1,1.4,1.2,0.1,1.2,1.8,0.27,0.947
k50_count_masked,all_match,16,multi,1,1.7,1.6,0.0,1.6,3.1,0.33,1.155
k50_count_masked,all_match,17,orig,1,1.6,1.5,0.0,1.5,1.9,0.30,1.000
k50_count_masked,all_match,17,scalar,1,2.0,1.9,0.0,1.9,2.3,0.37,1.257
k50_count_masked,all_match,17,chunked,1,2.4,2.4,0.0,2.4,2.6,0.46,1.553
k50_count_masked,all_match,17,swar,1,3.4,3.3,0.0,3.3,3.6,0.65,2.187
k50_count_masked,all_match,17,sse2,1,1.6,1.5,0.0,1.5,1.9,0.30,1.026
k50_count_masked,all_match,17,avx2,1,1.5,1.5,0.0,1.5,1.8,0.28,0.934
k50_count_masked,all_match,17,multi,1,1.9,1.9,0.0,1.9,2.1,0.35,1.202
k50_count_masked,all_match,31,orig,1,5.0,4.8,0.1,4.8,5.3,0.52,1.000
k50_count_masked,all_match,31,scalar,1,6.1,6.0,0.1,6.0,6.8,0.63,1.213
k50_count_masked,all_match,31,chunked,1,4.8,4.7,0.0,4.7,5.1,0.49,0.955
k50_count_masked,all_match,31,swar,1,6.1,6.0,0.1,6.0,6.7,0.63,1.227
k50_count_masked,all_match,31,sse2,1,5.5,5.4,0.1,5.4,5.7,0.57,1.099
k50_count_masked,all_match,31,avx2,1,5.7,5.6,0.0,5.6,7.1,0.59,1.142
k50_count_masked,all_match,31,multi,1,3.4,3.4,0.0,3.4,3.8,0.36,0.689
k50_count_masked,all_match,32,orig,1,2.5,2.5,0.0,2.5,2.7,0.25,1.000
k50_count_masked,all_match,32,scalar,1,2.9,2.8,0.1,2.8,3.0,0.29,1.125
k50_count_masked,all_match,32,chunked,1,3.9,3.8,0.1,3.8,4.0,0.39,1.520
k50_count_masked,all_match,32,swar,1,5.0,4.7,0.1,4.7,5.3,0.50,1.957
k50_count_masked,all_match,32,sse2,1,1.6,1.6,0.0,1.6,1.7,0.16,0.644
k50_count_masked,all_match,32,avx2,1,1.7,1.6,0.1,1.6,2.1,0.17,0.657
k50_count_masked,all_match,32,multi,1,1.6,1.6,0.0,1.6,1.8,0.16,0.645
k50_count_masked,all_match,33,orig,1,2.5,2.4,0.1,2.4,2.7,0.25,1.000
k50_count_masked,all_match,33,scalar,1,2.9,2.8,0.1,2.8,3.1,0.28,1.149
k50_count_masked,all_match,33,chunked,1,4.0,3.8,0.1,3.8,4.2,0.38,1.568
k50_count_masked,all_match,33,swar,1,5.2,5.0,0.1,5.0,5.4,0.50,2.039
k50_count_masked,all_match,33,sse2,1,1.9,1.8,0.0,1.8,2.1,0.18,0.744
k50_count_masked,all_match,33,avx2,1,1.7,1.7,0.0,1.7,1.8,0.16,0.654
k50_count_masked,all_match,33,multi,1,1.6,1.6,0.0,1.6,1.8,0.16,0.651
k50_count_masked,all_match,63,orig,1,6.7,6.6,0.1,6.6,7.0,0.34,1.000
k50_count_masked,all_match,63,scalar,1,7.0,6.8,0.1,6.8,7.3,0.35,1.036
k50_count_masked,all_match,63,chunked,1,7.6,7.4,0.1,7.4,7.8,0.39,1.124
k50_count_masked,all_match,63,swar,1,9.5,9.3,0.1,9.3,9.9,0.48,1.412
k50_count_masked,all_match,63,sse2,1,5.7,5.6,0.1,5.6,6.0,0.29,0.847
k50_count_masked,all_match,63,avx2,1,6.0,5.8,0.1,5.8,6.1,0.31,0.896
k50_count_masked,all_match,63,multi,1,5.6,5.6,0.1,5.6,5.8,0.29,0.837
k50_count_masked,all_match,64,orig,1,4.4,4.3,0.1,4.3,4.8,0.22,1.000
k50_count_masked,all_match,64,scalar,1,4.8,4.8,0.1,4.8,5.0,0.24,1.099
k50_count_masked,all_match,64,chunked,1,7.1,7.0,0.1,7.0,7.3,0.36,1.615
k50_count_masked,all_match,64,swar,1,4.8,4.7,0.1,4.7,5.0,0.24,1.092
k50_count_masked,all_match,64,sse2,1,1.8,1.7,0.1,1.7,1.9,0.09,0.413
k50_count_masked,all_match,64,avx2,1,1.9,1.8,0.0,1.8,2.0,0.09,0.421
k50_count_masked,all_match,64,multi,1,1.8,1.8,0.0,1.8,2.2,0.09,0.411
k50_count_masked,all_match,65,orig,1,4.4,4.3,0.0,4.3,4.9,0.22,1.000
k50_count_masked,all_match,65,scalar,1,5.0,4.9,0.1,4.9,5.6,0.25,1.137
k50_count_masked,all_match,65,chunked,1,7.5,7.2,0.2,7.2,8.0,0.37,1.691
k50_count_masked,all_match,65,swar,1,5.0,4.8,0.1,4.8,5.3,0.25,1.139
k50_count_masked,all_match,65,sse2,1,2.2,2.0,0.0,2.0,2.3,0.11,0.505
k50_count_masked,all_match,65,avx2,1,2.0,1.9,0.0,1.9,2.6,0.10,0.454
k50_count_masked,all_match,65,multi,1,2.0,1.9,0.0,1.9,2.2,0.10,0.447
k50_count_masked,all_match,256,orig,1,17.0,16.4,0.1,16.4,19.5,0.21,1.000
k50_count_masked,all_match,256,scalar,1,17.5,17.3,0.0,17.3,17.8,0.22,1.030
k50_count_masked,all_match,256,chunked,1,13.7,13.5,0.1,13.5,14.5,0.17,0.807
k50_count_masked,all_match,256,swar,1,16.9,16.8,0.1,16.8,17.2,0.21,0.994
k50_count_masked,all_match,256,sse2,1,4.9,4.8,0.2,4.8,6.2,0.06,0.290
k50_count_masked,all_match,256,avx2,1,2.9,2.8,0.0,2.8,3.2,0.04,0.169
k50_count_masked,all_match,256,multi,1,3.0,2.9,0.0,2.9,4.4,0.04,0.177
k50_count_masked,all_match,4096,orig,1,258.1,256.7,0.7,256.7,363.7,0.20,1.000
k50_count_masked,all_match,4096,scalar,1,283.7,256.2,13.4,256.2,302.4,0.22,1.099
k50_count_masked,all_match,4096,chunked,1,215.2,214.2,1.0,214.2,258.7,0.17,0.834
k50_count_masked,all_match,4096,swar,1,278.0,262.3,15.1,262.3,310.8,0.22,1.077
k50_count_masked,all_match,4096,sse2,1,61.0,60.7,0.2,60.7,70.1,0.05,0.236
k50_count_masked,all_match,4096,avx2,1,33.1,32.6,0.3,32.6,34.2,0.03,0.128
k50_count_masked,all_match,4096,multi,1,33.3,32.5,0.6,32.5,43.5,0.03,0.129
k50_count_masked,all_match,65536,orig,1,4394.2,4071.5,121.6,4071.5,4554.1,0.21,1.000
k50_count_masked,all_match,65536,scalar,1,4331.9,4185.7,141.6,4185.7,4607.1,0.21,0.986
k50_count_masked,all_match,65536,chunked,1,3528.7,3388.4,120.3,3388.4,3837.5,0.17,0.803
k50_count_masked,all_match,65536,swar,1,4203.1,4132.0,65.1,4132.0,4554.1,0.21,0.957
k50_count_masked,all_match,65536,sse2,1,915.6,901.2,10.5,901.2,1012.1,0.04,0.208
k50_count_masked,all_match,65536,avx2,1,562.8,553.3,8.6,553.3,672.3,0.03,0.128
k50_count_masked,all_match,65536,multi,1,563.2,560.1,2.8,560.1,626.9,0.03,0.128
k50_count_masked,alternating,16,orig,1,1.4,1.4,0.0,1.4,1.8,0.29,1.000
k50_count_masked,alternating,16,scalar,1,1.8,1.8,0.0,1.8,1.9,0.36,1.235
k50_count_masked,alternating,16,chunked,1,2.3,2.2,0.1,2.2,2.5,0.46,1.603
k50_count_masked,alternating,16,swar,1,3.1,3.0,0.0,3.0,5.9,0.61,2.126
k50_count_masked,alternating,16,sse2,1,1.2,1.2,0.0,1.2,5.9,0.24,0.846
k50_count_masked,alternating,16,avx2,1,1.2,1.2,0.0,1.2,1.7,0.24,0.841
k50_count_masked,alternating,16,multi,1,1.6,1.6,0.0,1.6,1.7,0.31,1.086
k50_count_masked,alternating,17,orig,1,1.5,1.5,0.0,1.5,7.1,0.29,1.000
k50_count_masked,alternating,17,scalar,1,1.9,1.9,0.0,1.9,2.9,0.36,1.251
k50_count_masked,alternating,17,chunked,1,2.4,2.4,0.0,2.4,9.6,0.45,1.545
k50_count_masked,alternating,17,swar,1,3.3,3.2,0.0,3.2,3.6,0.62,2.126
k50_count_masked,alternating,17,sse2,1,1.5,1.5,0.0,1.5,1.9,0.29,1.002
k50_count_masked,alternating,17,avx2,1,1.4,1.4,0.0,1.4,1.7,0.26,0.887
k50_count_masked,alternating,17,multi,1,1.8,1.7,0.0,1.7,1.9,0.33,1.148
k50_count_masked,alternating,31,orig,1,5.0,4.8,0.1,4.8,5.4,0.52,1.000
k50_count_masked,alternating,31,scalar,1,6.1,6.0,0.1,6.0,6.3,0.63,1.217
k50_count_masked,alternating,31,chunked,1,4.8,4.7,0.0,4.7,5.4,0.50,0.967
k50_count_masked,alternating,31,swar,1,6.2,5.9,0.1,5.9,6.8,0.64,1.239
k50_count_masked,alternating,31,sse2,1,5.5,5.4,0.1,5.4,5.6,0.57,1.100
k50_count_masked,alternating,31,avx2,1,5.7,5.6,0.1,5.6,5.9,0.59,1.139
k50_count_masked,alternating,31,multi,1,3.5,3.4,0.1,3.4,3.8,0.36,0.699
k50_count_masked,alternating,32,orig,1,2.4,2.4,0.0,2.4,2.6,0.24,1.000
k50_count_masked,alternating,32,scalar,1,2.8,2.8,0.0,2.8,3.1,0.28,1.149
k50_count_masked,alternating,32,chunked,1,4.0,3.9,0.1,3.9,4.1,0.40,1.641
k50_count_masked,alternating,32,swar,1,5.0,4.7,0.1,4.7,5.1,0.50,2.037
k50_count_masked,alternating,32,sse2,1,1.6,1.6,0.0,1.6,1.7,0.16,0.663
k50_count_masked,alternating,32,avx2,1,1.6,1.6,0.0,1.6,1.8,0.16,0.660
k50_count_masked,alternating,32,multi,1,1.6,1.6,0.0,1.6,1.7,0.16,0.673
k50_count_masked,alternating,33,orig,1,2.6,2.5,0.0,2.5,2.9,0.25,1.000
k50_count_masked,alternating,33,scalar,1,2.8,2.8,0.1,2.8,3.2,0.28,1.106
k50_count_masked,alternating,33,chunked,1,4.1,3.8,0.0,3.8,4.3,0.40,1.587
k50_count_masked,alternating,33,swar,1,5.2,4.9,0.1,4.9,5.4,0.50,2.006
k50_count_masked,alternating,33,sse2,1,1.9,1.8,0.0,1.8,2.0,0.18,0.719
k50_count_masked,alternating,33,avx2,1,1.6,1.6,0.0,1.6,1.9,0.16,0.639
k50_count_masked,alternating,33,multi,1,1.7,1.6,0.1,1.6,1.8,0.17,0.666
k50_count_masked,alternating,63,orig,1,6.8,6.7,0.1,6.7,7.2,0.35,1.000
k50_count_masked,alternating,63,scalar,1,7.1,6.8,0.1,6.8,7.2,0.36,1.034
k50_count_masked,alternating,63,chunked,1,7.6,7.4,0.1,7.4,7.8,0.39,1.112
k50_count_masked,alternating,63,swar,1,9.5,9.2,0.0,9.2,9.6,0.48,1.384
k50_count_masked,alternating,63,sse2,1,5.8,5.6,0.1,5.6,6.3,0.30,0.852
k50_count_masked,alternating,63,avx2,1,5.9,5.8,0.0,5.8,6.1,0.30,0.861
k50_count_masked,alternating,63,multi,1,5.9,5.8,0.1,5.8,6.2,0.30,0.864
k50_count_masked,alternating,64,orig,1,4.4,4.3,0.0,4.3,4.5,0.22,1.000
k50_count_masked,alternating,64,scalar,1,4.9,4.8,0.1,4.8,5.1,0.24,1.114
k50_count_masked,alternating,64,chunked,1,7.1,7.0,0.1,7.0,7.5,0.36,1.639
k50_count_masked,alternating,64,swar,1,4.7,4.7,0.0,4.7,5.0,0.24,1.088
k50_count_masked,alternating,64,sse2,1,1.8,1.7,0.0,1.7,2.2,0.09,0.414
k50_count_masked,alternating,64,avx2,1,1.9,1.8,0.0,1.8,1.9,0.09,0.425
k50_count_masked,alternating,64,multi,1,1.8,1.8,0.0,1.8,2.0,0.09,0.424
k50_count_masked,alternating,65,orig,1,4.4,4.3,0.1,4.3,4.7,0.22,1.000
k50_count_masked,alternating,65,scalar,1,4.9,4.8,0.1,4.8,5.2,0.24,1.099
k50_count_masked,alternating,65,chunked,1,7.2,7.0,0.1,7.0,7.5,0.36,1.631
k50_count_masked,alternating,65,swar,1,4.8,4.8,0.1,4.8,5.7,0.24,1.093
k50_count_masked,alternating,65,sse2,1,2.0,2.0,0.0,2.0,2.8,0.10,0.457
k50_count_masked,alternating,65,avx2,1,1.9,1.8,0.0,1.8,2.0,0.09,0.424
k50_count_masked,alternating,65,multi,1,2.0,1.8,0.1,1.8,3.4,0.10,0.441
k50_count_masked,alternating,256,orig,1,16.3,16.2,0.1,16.2,16.7,0.20,1.000
k50_count_masked,alternating,256,scalar,1,16.8,16.7,0.1,16.7,17.6,0.21,1.034
k50_count_masked,alternating,256,chunked,1,13.7,13.6,0.0,13.6,13.8,0.17,0.840
k50_count_masked,alternating,256,swar,1,17.0,16.8,0.0,16.8,17.3,0.21,1.041
k50_count_masked,alternating,256,sse2,1,4.9,4.8,0.1,4.8,5.0,0.06,0.299
k50_count_masked,alternating,256,avx2,1,2.9,2.9,0.0,2.9,3.1,0.04,0.181
k50_count_masked,alternating,256,multi,1,2.9,2.8,0.0,2.8,3.0,0.04,0.179
k50_count_masked,alternating,4096,orig,1,257.6,256.2,0.4,256.2,294.2,0.20,1.000
k50_count_masked,alternating,4096,scalar,1,258.0,257.3,0.6,257.3,269.7,0.20,1.001
k50_count_masked,alternating,4096,chunked,1,242.5,227.2,3.8,227.2,251.9,0.19,0.941
k50_count_masked,alternating,4096,swar,1,291.6,260.6,7.4,260.6,302.2,0.23,1.132
k50_count_masked,alternating,4096,sse2,1,69.6,61.3,2.6,61.3,73.4,0.05,0.270
k50_count_masked,alternating,4096,avx2,1,33.2,32.6,0.6,32.6,44.6,0.03,0.129
k50_count_masked,alternating,4096,multi,1,32.8,32.6,0.2,32.6,33.5,0.03,0.127
