kernel,distribution,size,variant,median_ns
k18_all_equal,all_equal,16,orig_O3,1.5
k18_all_equal,all_equal,16,absac,1.5
k18_all_equal,all_equal,16,witness_avx2,1.5
k18_all_equal,all_equal,32,orig_O3,1.9
k18_all_equal,all_equal,32,absac,1.5
k18_all_equal,all_equal,32,witness_avx2,1.5
k18_all_equal,all_equal,64,orig_O3,3.5
k18_all_equal,all_equal,64,absac,1.5
k18_all_equal,all_equal,64,witness_avx2,1.5
k18_all_equal,all_equal,128,orig_O3,6.7
k18_all_equal,all_equal,128,absac,1.4
k18_all_equal,all_equal,128,witness_avx2,1.4
k18_all_equal,all_equal,256,orig_O3,13.1
k18_all_equal,all_equal,256,absac,2.1
k18_all_equal,all_equal,256,witness_avx2,2.1
k18_all_equal,all_equal,512,orig_O3,26.1
k18_all_equal,all_equal,512,absac,3.7
k18_all_equal,all_equal,512,witness_avx2,4.0
k18_all_equal,all_equal,1024,orig_O3,53.2
k18_all_equal,all_equal,1024,absac,9.9
k18_all_equal,all_equal,1024,witness_avx2,8.3
k18_all_equal,all_equal,2048,orig_O3,104.6
k18_all_equal,all_equal,2048,absac,22.6
k18_all_equal,all_equal,2048,witness_avx2,21.9
k18_all_equal,all_equal,4096,orig_O3,208.3
k18_all_equal,all_equal,4096,absac,36.3
k18_all_equal,all_equal,4096,witness_avx2,36.2
k18_all_equal,all_equal,8192,orig_O3,415.6
k18_all_equal,all_equal,8192,absac,63.4
k18_all_equal,all_equal,8192,witness_avx2,63.6
k18_all_equal,all_equal,16384,orig_O3,830.8
k18_all_equal,all_equal,16384,absac,115.8
k18_all_equal,all_equal,16384,witness_avx2,116.1
k18_all_equal,all_equal,65536,orig_O3,3325.6
k18_all_equal,all_equal,65536,absac,611.5
k18_all_equal,all_equal,65536,witness_avx2,611.3
k18_all_equal,random,16,orig_O3,1.5
k18_all_equal,random,16,absac,1.5
k18_all_equal,random,16,witness_avx2,1.5
k18_all_equal,random,32,orig_O3,1.9
k18_all_equal,random,32,absac,1.5
k18_all_equal,random,32,witness_avx2,1.5
k18_all_equal,random,64,orig_O3,3.5
k18_all_equal,random,64,absac,1.5
k18_all_equal,random,64,witness_avx2,1.5
k18_all_equal,random,128,orig_O3,6.7
k18_all_equal,random,128,absac,1.5
k18_all_equal,random,128,witness_avx2,1.5
k18_all_equal,random,256,orig_O3,13.2
k18_all_equal,random,256,absac,1.5
k18_all_equal,random,256,witness_avx2,1.5
k18_all_equal,random,512,orig_O3,26.0
k18_all_equal,random,512,absac,1.5
k18_all_equal,random,512,witness_avx2,1.5
k18_all_equal,random,1024,orig_O3,53.2
k18_all_equal,random,1024,absac,1.5
k18_all_equal,random,1024,witness_avx2,1.5
k18_all_equal,random,2048,orig_O3,104.4
k18_all_equal,random,2048,absac,1.5
k18_all_equal,random,2048,witness_avx2,1.5
k18_all_equal,random,4096,orig_O3,208.5
k18_all_equal,random,4096,absac,1.5
k18_all_equal,random,4096,witness_avx2,1.5
k18_all_equal,random,8192,orig_O3,416.1
k18_all_equal,random,8192,absac,1.5
k18_all_equal,random,8192,witness_avx2,1.5
k18_all_equal,random,16384,orig_O3,831.0
k18_all_equal,random,16384,absac,1.5
k18_all_equal,random,16384,witness_avx2,1.5
k18_all_equal,random,65536,orig_O3,3324.0
k18_all_equal,random,65536,absac,1.5
k18_all_equal,random,65536,witness_avx2,1.5
k43_sum_ascii,random,16,orig_O3,1.4
k43_sum_ascii,random,16,absac,1.5
k43_sum_ascii,random,16,witness_avx2,1.5
k43_sum_ascii,random,32,orig_O3,1.4
k43_sum_ascii,random,32,absac,1.5
k43_sum_ascii,random,32,witness_avx2,1.5
k43_sum_ascii,random,64,orig_O3,2.2
k43_sum_ascii,random,64,absac,1.5
k43_sum_ascii,random,64,witness_avx2,1.5
k43_sum_ascii,random,128,orig_O3,3.9
k43_sum_ascii,random,128,absac,1.4
k43_sum_ascii,random,128,witness_avx2,1.5
k43_sum_ascii,random,256,orig_O3,7.3
k43_sum_ascii,random,256,absac,1.7
k43_sum_ascii,random,256,witness_avx2,2.5
k43_sum_ascii,random,512,orig_O3,14.3
k43_sum_ascii,random,512,absac,3.0
k43_sum_ascii,random,512,witness_avx2,4.3
k43_sum_ascii,random,1024,orig_O3,30.5
k43_sum_ascii,random,1024,absac,6.2
k43_sum_ascii,random,1024,witness_avx2,8.2
k43_sum_ascii,random,2048,orig_O3,58.0
k43_sum_ascii,random,2048,absac,12.6
k43_sum_ascii,random,2048,witness_avx2,17.5
k43_sum_ascii,random,4096,orig_O3,113.2
k43_sum_ascii,random,4096,absac,26.3
k43_sum_ascii,random,4096,witness_avx2,36.4
k43_sum_ascii,random,8192,orig_O3,223.3
k43_sum_ascii,random,8192,absac,54.1
k43_sum_ascii,random,8192,witness_avx2,72.8
k43_sum_ascii,random,16384,orig_O3,444.8
k43_sum_ascii,random,16384,absac,108.5
k43_sum_ascii,random,16384,witness_avx2,147.4
k43_sum_ascii,random,65536,orig_O3,1808.1
k43_sum_ascii,random,65536,absac,543.5
k43_sum_ascii,random,65536,witness_avx2,650.8
k50_count_masked,half_match,16,orig_O3,1.4
k50_count_masked,half_match,16,absac,1.2
k50_count_masked,half_match,16,witness_avx2,1.5
k50_count_masked,half_match,32,orig_O3,2.4
k50_count_masked,half_match,32,absac,1.6
k50_count_masked,half_match,32,witness_avx2,1.5
k50_count_masked,half_match,64,orig_O3,4.3
k50_count_masked,half_match,64,absac,1.3
k50_count_masked,half_match,64,witness_avx2,1.3
k50_count_masked,half_match,128,orig_O3,8.3
k50_count_masked,half_match,128,absac,1.8
k50_count_masked,half_match,128,witness_avx2,1.8
k50_count_masked,half_match,256,orig_O3,16.3
k50_count_masked,half_match,256,absac,2.2
k50_count_masked,half_match,256,witness_avx2,3.2
k50_count_masked,half_match,512,orig_O3,32.1
k50_count_masked,half_match,512,absac,4.0
k50_count_masked,half_match,512,witness_avx2,6.3
k50_count_masked,half_match,1024,orig_O3,67.3
k50_count_masked,half_match,1024,absac,7.9
k50_count_masked,half_match,1024,witness_avx2,12.8
k50_count_masked,half_match,2048,orig_O3,130.7
k50_count_masked,half_match,2048,absac,15.2
k50_count_masked,half_match,2048,witness_avx2,31.4
k50_count_masked,half_match,4096,orig_O3,258.0
k50_count_masked,half_match,4096,absac,30.0
k50_count_masked,half_match,4096,witness_avx2,57.7
k50_count_masked,half_match,8192,orig_O3,506.6
k50_count_masked,half_match,8192,absac,59.6
k50_count_masked,half_match,8192,witness_avx2,109.7
k50_count_masked,half_match,16384,orig_O3,1012.3
k50_count_masked,half_match,16384,absac,121.1
k50_count_masked,half_match,16384,witness_avx2,215.4
k50_count_masked,half_match,65536,orig_O3,4074.8
k50_count_masked,half_match,65536,absac,548.9
k50_count_masked,half_match,65536,witness_avx2,842.9
